The	O
Indian	O
Express	O
The	O
India	LOCATION
IndianNews	O
Heavy	O
traffic	O
Jam	O
on	O
Delhi	LOCATION
Faridabad	LOCATION
Highway	LOCATION
NH2	LOCATION
made	O
one	O
way	O
I	O
share	O
rick	O
and	O
use	O
metro	O
and	O
Mumbai	LOCATION
local	O
anyway	O
don't	O
think	O
I	O
am	O
adding	O
to	O
the	O
traffic	O
load	O
in	O
city	O
Traffic	O
very	O
heavy	O
after	O
Badarpur	LOCATION
flyover	O
towards	O
Sarita	LOCATION
Vihar	LOCATION
Some	O
religious	O
procession	O
They	O
have	O
reached	O
Neptune	LOCATION
Mall	LOCATION
Roads	O
clear	O
after	O
that	O
Traffic	O
Ramaswamy	O
is	O
probably	O
the	O
best	O
Indian	O
ever	O
While	O
we	O
rate	O
the	O
Delhi	LOCATION
activists	O
high	O
he	O
is	O
almost	O
an	O
unsung	O
hero	O
Mumbai	LOCATION
is	O
All	O
about	O
Traffic	O
at	O
its	O
Slowest	O
and	O
Time	O
at	O
its	O
Fastest	O
Best	O
If	O
they	O
can	O
slap	O
Kejriwal	O
then	O
what	O
is	O
this	O
news	O
about	O
A	O
constable	O
His	O
expression	O
says	O
it	O
all	O
mumbai	LOCATION
traffic	O
streetphotography	O
India	LOCATION
at	O
Mumbai	LOCATION
Maharashtra	LOCATION
India	O
Avoid	O
Surajkund	LOCATION
road	O
to	O
from	O
Delhi	LOCATION
during	O
peak	O
hours	O
as	O
road	O
widening	O
work	O
is	O
going	O
on	O
use	O
Mathura	LOCATION
road	O
instead	O
Report2win	O
Follow	O
for	O
Public	O
Notifications	O
in	O
Mumbai	LOCATION
Get	O
Notices	O
from	O
Railways	O
Traffic	O
Police	O
BEST	O
MCGM	O
more	O
organisations	O
to	O
follow	O
No	O
right	O
turn	O
display	O
near	O
Asia	LOCATION
Pacific	LOCATION
Wrld	O
School	O
SarjapurRd	LOCATION
Agra	LOCATION
everyone	O
takes	O
rightno	O
action	O
We	O
want	O
to	O
solve	O
the	O
traffic	O
issue	O
but	O
not	O
at	O
the	O
cost	O
of	O
Aarey	O
forest	O
We	O
want	O
a	O
Sea	O
Link	O
but	O
only	O
to	O
commit	O
suicides	O
from	O
it	O
Mumbai	LOCATION
Is	O
it	O
the	O
government	O
or	O
is	O
the	O
citizens	O
Who	O
is	O
responsible	O
for	O
growing	O
chaos	O
and	O
traffic	O
in	O
Mumbai	LOCATION
MUM	O
EpicFail	O
if	O
true	O
Seinfeld	O
cancelled	O
in	O
Mumbai	O
due	O
to	O
issues	O
of	O
parking	O
and	O
traffic	O
Wonderful	O
Jam	O
packed	O
traffic	O
at	O
Kasturaba	LOCATION
Rd	O
Ballarpete	LOCATION
Rd	O
Mayohall	LOCATION
Rd	O
and	O
Richmond	LOCATION
Town	LOCATION
Rd	O
Bengaluru	LOCATION
drivesafeRefer	O
Thinking	O
about	O
Mumbais	LOCATION
weather	O
is	O
Metro	O
your	O
most	O
reliable	O
traffic	O
mode	O
Whoever	O
wrote	O
Zindagi	O
ek	O
safar	O
hello	O
suhana	O
must	O
not	O
have	O
experienced	O
Bangalore	LOCATION
traffic	O
Jams	O
TrafficManagement	O
Mumbai	LOCATION
life	O
is	O
more	O
about	O
tackling	O
traffic	O
than	O
real	O
life	O
issues	O
justsaying	O
Have	O
a	O
good	O
evening	O
too	O
Much	O
awaited	O
Jerry	O
Seinfeld	O
show	O
in	O
Mumbai	LOCATION
cancelled	O
organisers	O
blame	O
traffic	O
cops	O
when	O
will	O
BMC	O
suspend	O
corrupt	O
engineers	O
corporations	O
for	O
keeping	O
such	O
firms	O
Gurgaon	LOCATION
Faridabad	LOCATION
highway	O
jam	O
packed	O
as	O
a	O
truck	O
toppled	O
full	O
of	O
stones	O
GurgoanTrafficPolice	O
Stuck	O
Delhi	O
roadrage	O
death	O
Massive	O
jams	O
choke	O
traffic	O
A	O
massive	O
traffic	O
jam	O
choked	O
parts	O
of	O
central	O
Delhi	LOCATION
on	O
Mond	O
even	O
if	O
it	O
were	O
far	O
Mumbai	LOCATION
janta	O
is	O
so	O
sweet	O
I	O
do	O
not	O
go	O
to	O
south	O
side	O
of	O
Bangalore	LOCATION
because	O
its	O
too	O
far	O
and	O
traffic	O
sucks	O
Road	O
rage	O
murder	O
Protesters	O
halt	O
Delhi	LOCATION
traffic	O
Traffic	O
came	O
to	O
a	O
standstill	O
in	O
central	O
Delhi	LOCATION
through	O
Monday	O
Shiv	O
Sena	O
backs	O
bandh	O
in	O
Girgaum	LOCATION
against	O
Mumbai	LOCATION
MetroIII	O
project	O
anyplace	O
anywhere	O 
anytime	O
I	O
travel	O
to	O
Marine	LOCATION
Drive	O
almost	O
every	O
day	O
when	O
in	O
MumbaiTravelSmartWithTraffline	O
need	O
help	O
So	O
traffic	O
Narendra	O
save	O
Delhi	LOCATION
from	O
traffic	O
hazardsKejriwal	O
urged	O
childrento	O
insist	O
their	O
parents	O
for	O
maximum	O
use	O
of	O
public	O
transport	O
Long	O
queues	O
spotted	O
at	O
Airoli	LOCATION
Toll	LOCATION
Plaza	LOCATION
for	O
traffic	O
moving	O
towards	O
EEH	O
Embrace	O
delays	O
Mumbai	LOCATION
Airport	LOCATION
numero	O
uno	O
in	O
freight	O
traffic	O
Viral	O
BMW	O
Ferrari	O
and	O
Lamborghini	O
stuck	O
in	O
Bangalore	LOCATION
traffic	O
behind	O
a	O
BMTC	O
bus	O
Anand	LOCATION
to	O
Maharashtra	LOCATION
5	O
hours	O
Entering	O
Mumbai	LOCATION
to	O
home	O
never	O
ending	O
traffic	O
Mumbai	LOCATION
Have	O
we	O
stopped	O
and	O
asked	O
what	O
really	O
is	O
the	O
cause	O
of	O
these	O
traffic	O
jams	O
how	O
do	O
we	O
compare	O
to	O
places	O
like	O
Mumbai	LOCATION
via	O
Delhi	LOCATION
An	O
accident	O
took	O
place	O
near	O
Akshardham	LOCATION
Mandir	LOCATION
this	O
Finding	O
Parents	O
Girl	O
critical	O
Need	O
help	O
Traffic	O
Kaif	O
You	O
don't	O
want	O
to	O
travel	O
a	O
lot	O
in	O
Delhis	LOCATION
traffic	O
We	O
spotted	O
cricketer	O
Mohd	O
Kaif	O
in	O
Khan	LOCATION
Market	LOCATION
recentl	O
textback	O
Rd	O
is	O
smooth	O
towards	O
Airoli	LOCATION
and	O
chokablock	LOCATION
from	O
Airoli	LOCATION
till	O
Rabale	LOCATION
station	LOCATION
Watch	O
Delhi	O
traffic	O
police	O
creates	O
a	O
green	O
corridor	O
for	O
a	O
liver	O
transplant	O
operation	O
done	O
with	O
the	O
Retweet	O
hope	O
to	O
win	O
please	O
this	O
time	O
greatest	O
fan	O
of	O
Mi	O
Csk	O
would	O
love	O
to	O
Cheer	O
for	O
the	O
team	O
at	O
Wankhede	LOCATION
Mumbai	LOCATION
Delhi	LOCATION
Mumbai	LOCATION
takes	O
too	O
hoursAirport	O
Bhayander	O
takes	O
3	O
hours	O
pathetic	O
traffic	O
Delhis	LOCATION
berightthere	O
may	O
finally	O
be	O
scrapped	O
Commuters	O
who	O
have	O
been	O
spending	O
hours	O
stuck	O
in	O
traffic	O
jams	O
on	O
Delhi’s	LOCATION
of	O
smooth	O
traffic	O
from	O
Karol	LOCATION
Bagh	LOCATION
to	O
ISBT	LOCATION
through	O
Azad	LOCATION
market	LOCATION
Ind	O
Batting	O
stuck	O
in	O
Mumbai	LOCATION
Traffic	O
it	O
seems	O
Bovi	LOCATION
Kandi	LOCATION
people	O
please	O
take	O
note	O
Traveling	O
in	O
Mumbai	LOCATION
local	O
trains	O
is	O
suffocatingbeing	O
stuck	O
in	O
never	O
ending	O
traffic	O
jams	O
aint	O
much	O
different	O
3NovicesTraffic	O
curbs	O
in	O
Mumbai	O
for	O
IPL	O
matches	O
from	O
today	O
The	O
traffic	O
police	O
have	O
announced	O
restrictions	O
in	O
sout…	O
Slow	O
moving	O
traffic	O
from	O
Buddha	LOCATION
Jayanti	LOCATION
Park	LOCATION
towards	O
Gurgaon	LOCATION
and	O
Moti	LOCATION
Bagh	LOCATION
Congested	O
traffic	O
on	O
Old	LOCATION
Mumbai	LOCATION
Pune	LOCATION
Highway	LOCATION
going	O
towards	O
Pune	LOCATION
RTO	LOCATION
Use	O
Ganeshkhind	LOCATION
Road	O
for	O
better	O
commute	O
byipt	O
by	O
Sher	O
Shah	O
is	O
correct	O
but	O
you	O
mean	O
Mughals	O
not	O
Mauryans	O
who	O
came	O
much	O
before	O
SherShah	O
Traffic	O
mismanagement	O
feat	O
8	O
hours	O
15km	O
Worst	O
NCR	LOCATION
jam	O
on	O
Gurgaon	LOCATION
eway	O
I	O
just	O
hate	O
Mumbai	LOCATION
traffic	O
Wish	O
the	O
govt	O
does	O
something	O
to	O
improve	O
this	O
situation	O
as	O
opposed	O
to	O
deciding	O
which	O
movies	O
we	O
watch	O
Is	O
there	O
any	O
place	O
in	O
Bangalore	LOCATION
where	O
one	O
doesnt	O
see	O
traffic	O
jams	O
during	O
a	O
concerthuge	O
event	O
mess	O
noreserve	O
Borivali	LOCATION
West	LOCATION
stn	O
cars	O
parkedhawkers	O
all	O
around	O
Having	O
traffic	O
jam	O
in	O
mybad	O
Rd	O
berightthere	O
corridor	O
At	O
South	O
Delhi	LOCATION
Delhi	LOCATION
traffic	O
police	O
Gaddi	O
side	O
me	O
le	O
loOptimus	O
Prime	O
Sir	O
main	O
khud	O
hi	O
gaddi	O
hoonDTP	O
playerkill	O
h	O
kya	O
NHAI	O
Go	O
and	O
Die35	O
hours	O
from	O
Delhi	O
to	O
Gurgaon	LOCATION
because	O
of	O
stupid	O
toll	O
repairing	O
at	O
peak	O
hours	O
crazy	O
trafficbut	O
don't	O
hear	O
much	O
of	O
honking	O
out	O
therein	O
Bangalore	LOCATION
we	O
would	O
have	O
gone	O
deaf	O
with	O
honking	O
itself	O
Yemen	LOCATION
evacuation	O
IAF	O
plane	O
carrying	O
190	O
Indian	O
nationals	O
lands	O
Mumbai	LOCATION
5	O
hours	O
from	O
Delhi	LOCATION
to	O
Gurgaon	LOCATION
6	O
kissme	O
per	O
hour	O
Rising	O
Delhi	LOCATION
NH8	LOCATION
Traffic	O
Delhi	LOCATION
1030	O
pm	O
Bangalore	LOCATION
A	O
traffic	O
jam	O
extending	O
miles	O
from	O
Whitefield	O
to	O
outer	O
ring	O
road	O
Every	O
guy	O
on	O
the	O
road	O
returning	O
from	O
an	O
office	O
Swaraj	O
Feels	O
AMAZING	O
when	O
a	O
girl	O
is	O
riding	O
at	O
speed	O
of	O
93kph	O
in	O
Bangalore	LOCATION
traffic	O
Bombardier	O
local	O
to	O
run	O
from	O
tomorrow	O
1130	O
am	O
on	O
WR	O
from	O
Churhgate	LOCATION
to	O
borivali	LOCATION
as	O
slow	O
local	O
NH8	LOCATION
Gurgaon	LOCATION
to	O
Delhi	LOCATION
is	O
smooth	O
as	O
silk	O
Oh	O
wow	O
What	O
a	O
chocobloc	O
jam	O
on	O
Kalkaji	LOCATION
flyover	O
from	O
Modi	LOCATION
Mills	LOCATION
to	O
Nehru	LOCATION
Place	LOCATION
1411	O
Bangalore	LOCATION
traffic	O
makes	O
me	O
run	O
back	O
to	O
Goa	LOCATION
but	O
then	O
I	O
am	O
sure	O
the	O
traffic	O
leading	O
out	O
is	O
as	O
bad	O
as	O
M.G	LOCATION
road	O
anyways	O
nammabengaluru	O
Kalanagar	LOCATION
flyover	O
southbound	O
empty	O
fire	O
outside	O
Bandra	LOCATION
station	O
Stuck	O
in	O
Delhi	LOCATION
office	O
traffic	O
Thank	O
god	O
I	O
don't	O
work	O
in	O
Delhi	LOCATION
anymore	O
One	O
of	O
the	O
best	O
decisions	O
of	O
my	O
life	O
Huge	O
traffic	O
jams	O
are	O
occurring	O
in	O
Delhi	LOCATION
writing	O
to	O
Police	O
Commissioner	O
if	O
we	O
can	O
do	O
anything	O
to	O
help	O
police	O
in	O
traffic	O
issue	O
Kejriwal	O
Heavy	O
traffic	O
on	O
Vasant	LOCATION
Kunj	LOCATION
Andheria	LOCATION
Mod	LOCATION
road	O
Vehicles	O
are	O
plying	O
at	O
wrong	O
side	O
No	O
Traffic	O
Police	O
Personnel	O
there	O
Walk	O
the	O
track	O
Commuters	O
stranded	O
at	O
Kalwa	LOCATION
station	O
walk	O
it	O
up	O
due	O
to	O
disruption	O
on	O
Can'tremember	O
Mumbai	LOCATION
The	O
main	O
road	O
to	O
exit	O
Dwarka	LOCATION
via	O
Dwarka	LOCATION
flyover	O
has	O
be	O
closed	O
by	O
All	O
vehicles	O
are	O
being	O
redirected	O
Chaos	O
again	O
In	O
the	O
maddening	O
Mumbai	O
traffic	O
ambulances	O
lose	O
out	O
on	O
precious	O
time…	O
MumbaiInsider	O
Mumbai	O
traffic	O
will	O
not	O
improve	O
unless	O
the	O
people	O
of	O
Mumbai	LOCATION
start	O
demanding	O
change	O
Grt	O
Initiative	O
Flight	O
delay	O
2+	O
hours	O
and	O
counting	O
due	O
to	O
use	O
of	O
airport	O
by	O
veryimportantperson	O
aircraft	O
helicopter	O
Air	O
traffic	O
snarled	O
AirportPeeve	O
Mumbai	LOCATION
Including	O
Mumbai	LOCATION
Stramge	O
but	O
true	O
People	O
who	O
are	O
jumping	O
into	O
wrong	O
side	O
cursing	O
GovtAgencies	O
for	O
Traffic	O
Jam	O
i	O
will	O
suggest	O
even	O
to	O
fine	O
those	O
people	O
who	O
spit	O
Gutkha	O
throw	O
cigarette	O
ash	O
and	O
garbage	O
while	O
driving	O
Please	O
make	O
rules	O
Taylor	O
Swift	O
sounds	O
great	O
this	O
morning	O
Must	O
be	O
the	O
coffee	O
or	O
the	O
Bangalore	LOCATION
traffic	O
Fuck	O
off	O
man	O
Bangalore	LOCATION
is	O
a	O
horrible	O
place	O
to	O
live	O
in	O
Youre	O
effectively	O
spending	O
23rds	O
of	O
your	O
life	O
in	O
traffic	O
here	O
for	O
ways	O
to	O
tackle	O
Bangalore	LOCATION
traffic	O
Stay	O
close	O
to	O
workplace	O
Work	O
form	O
home	O
don't	O
work	O
at	O
all4	O
don't	O
come	O
to	O
Bangalore	LOCATION
The	O
Capital	O
Punishment	O
24	O
lanes	O
shut	O
DelhiGurgaon	LOCATION
in	O
5	O
hours	O
Travel	O
India	O
Delhi	LOCATION
Gurgaon	LOCATION
Jam	O
Traffic	O
highway	O
Smrith	O
drive	O
from	O
Okhla	LOCATION
to	O
Vasant	LOCATION
Vihar	LOCATION
Jeete	O
Raho	O
Kanya	O
i	O
will	O
in	O
Mumbai	LOCATION
traffic	O
at	O
for	O
PM	O
will	O
not	O
be	O
able	O
to	O
tweet	O
so	O
sent	O
now	O
right	O
turning	O
vehiclesif	O
on	O
the	O
left	O
have	O
no	O
way	O
to	O
take	O
left	O
that	O
way	O
until	O
the	O
uturn	O
at	O
Shankar	LOCATION
vihar	LOCATION
for	O
kissme	O
later	O
Why	O
does	O
Bangalore	LOCATION
complain	O
of	O
traffic	O
Chennai	LOCATION
jams	O
are	O
worse	O
After	O
a	O
flight	O
delay	O
and	O
combating	O
the	O
insane	O
Mumbai	LOCATION
traffic	O
I	O
had	O
checked	O
into	O
the	O
hotel	O
The…	O
yearold	O
Delhi	LOCATION
you	O
need	O
to	O
chill	O
This	O
traffic	O
is	O
going	O
to	O
kill	O
your	O
spirit	O
one	O
day	O
Hey	O
is	O
a	O
gem	O
Never	O
miss	O
out	O
putting	O
on	O
his	O
channel	O
when	O
crawling	O
through	O
Mumbai	LOCATION
traffic	O
in	O
mornings	O
FasterCheaperBetter	O
Faster	O
moving	O
Traffic	O
in	O
Delhi	LOCATION
To	O
be	O
successful	O
in	O
life	O
one	O
has	O
to	O
cross	O
many	O
bridges	O
Marathahalli	LOCATION
Bridge	O
is	O
one	O
of	O
them	O
bangaloreTrafficJoke	O
incident	O
at	O
Marol	LOCATION
Naka	LOCATION
2wards	O
signalhorribly	O
traffucked	O
both	O
waysThose	O
out	O
b	O
prepedits	O
goingto	O
b	O
bad	O
Overhead	O
wire	O
snapped	O
between	O
Kalva	LOCATION
and	O
Thane	LOCATION
Do	O
not	O
expect	O
train	O
services	O
to	O
resume	O
soon	O
Search	O
for	O
alternate	O
means	O
yes	O
Bandra	O
Fire	O
All	O
fine	O
now	O
platform	O
noone	O
to	O
resume	O
services	O
in	O
15	O
minutes	O
GRP	O
Mumbai	O
Transport	O
Minister	O
scolds	O
DCP	O
Traffic	O
for	O
using	O
car	O
with	O
tinted	O
glass	O
Traffic	O
Alert	O
DJB	O
work	O
is	O
being	O
carried	O
out	O
near	O
Sainik	LOCATION
Farm	O
House	O
Cariappa	LOCATION
marg	O
Due	O
to	O
this	O
gate	O
No	O
too	O
will	O
remain	O
closed	O
for	O
traffic	O
Motorists	O
can	O
use	O
gate	O
No	O
too	O
Delhis	O
berightthere	O
may	O
finally	O
be	O
scrapped	O
Commuters	O
who	O
have	O
been	O
spending	O
hours	O
stuck	O
in	O
traffic	O
via	O
Hit	O
Me	O
Baby	O
One	O
More	O
Time	O
NOT	O
the	O
song	O
to	O
be	O
singing	O
in	O
Bangalores	LOCATION
bumper	O
to	O
bumper	O
traffic	O
BangaloreTraffic	O
Traffic	O
Alert	O
Traffic	O
is	O
heavy	O
from	O
Delhi	LOCATION
Gate	O
towards	O
JawaharLal	LOCATION
Nehru	LOCATION
Marg	LOCATION
Kindly	O
avoid	O
the	O
stretch	O
Infact	O
we	O
road	O
commuters	O
are	O
thankful	O
for	O
all	O
the	O
updates	O
Traffline	O
has	O
become	O
life	O
line	O
for	O
Mumbai	LOCATION
road	O
commuters	O
Traffic	O
Chaos	O
in	O
Bangalore	LOCATION
as	O
rain	O
lashes	O
the	O
cityremain	O
indoor	O
and	O
enjoy	O
IPL	O
CSKvsKXIP	O
traffic	O
from	O
DoNotDisturb	O
to	O
Nehru	O
Nagar	O
reason	O
being	O
Busses	O
have	O
made	O
their	O
stop	O
not	O
the	O
Bus	O
Stop	O
but	O
Nehru	LOCATION
Nagar	LOCATION
Flyover	O
Its	O
a	O
beautiful	O
day	O
outside	O
and	O
InstantMessage	O
stuck	O
in	O
my	O
room	O
writing	O
about	O
traffic	O
congestion	O
in	O
Mumbai	LOCATION
Fuck	O
exams	O
Delhis	O
berightthere	O
may	O
finally	O
be	O
scrapped	O
Commuters	O
who	O
have	O
been	O
spending	O
hours	O
stuck	O
in	O
traffic	O
via	O
Life	O
is	O
beautiful	O
Unless	O
you	O
are	O
driving	O
your	O
car	O
in	O
Mumbai	LOCATION
traffic	O
In	O
which	O
case	O
life	O
is	O
a	O
BITCH	O
National	O
Green	O
Tribunal	O
Ban	O
Over	O
250	O
DieselRun	O
Vehicles	O
Impounded	O
in	O
Delhi	LOCATION
Delhi	LOCATION
Traffic	O
Police	O
why	O
via	O
Some	O
doctors	O
are	O
prescribing	O
Leave	O
Delhi	LOCATION
so	O
you	O
save	O
your	O
health	O
they	O
have	O
less	O
trafficmore	O
parking	O
cheaper	O
real	O
estate	O
for	O
them	O
“	O
stuck	O
for	O
40	O
minute	O
on	O
ReadtheRules	O
to	O
Moti	LOCATION
Bagh	LOCATION
section”	O
retweet	O
Pathetic	O
at	O
manishsishodia	O
Now	O
Make	O
Delhi	O
pollution	O
free	O
reduce	O
road	O
traffic	O
make	O
common	O
man	O
use	O
mass	O
rapid	O
transport	O
This	O
reminds	O
me	O
of	O
the	O
traffic	O
in	O
Delhi	LOCATION
Shortage	O
of	O
rickshaws	O
at	O
Kurla	LOCATION
Station	O
East	O
stand	O
Very	O
long	O
slow	O
queue	O
Exactly	O
Had	O
actually	O
gone	O
too	O
watch	O
focus	O
at	O
Viviana	LOCATION
mall	O
from	O
Powai	LOCATION
paid	O
the	O
toll	O
Has	O
the	O
toll	O
been	O
removed	O
from	O
today	O
Traffic	O
will	O
remain	O
heavy	O
at	O
Ashram	LOCATION
Chowk	LOCATION
Mathura	LOCATION
Road	O
from	O
06	O
PM	O
to	O
10	O
PM	O
because	O
DMRC	O
work	O
is	O
going	O
on	O
But	O
of	O
course	O
all	O
routes	O
existed	O
via	O
Agra	LOCATION
or	O
Aligarh	LOCATION
Sher	O
Shah	O
improved	O
road	O
added	O
shade	O
trees	O
serais	O
Who	O
is	O
responsible	O
for	O
making	O
Mumbai	LOCATION
dumpyard	O
due	O
to	O
traffic	O
jams	O
Traffic	O
Advisory	O
Replacement	O
of	O
deformed	O
expansion	O
other	O
repairs	O
of	O
Moti	LOCATION
Bagh	LOCATION
flyover	O
Ring	O
Road	O
from	O
14032015	O
to	O
26032015	O
password	O
is	O
carrying	O
out	O
replacement	O
of	O
deformed	O
expansion	O
other	O
relevant	O
structural	O
repair	O
of	O
Moti	LOCATION
Bagh	LOCATION
flyover	O
from	O
AIIMS	LOCATION
to	O
Dhaula	LOCATION
Kuan	LOCATION
stretch	O
at	O
Ring	O
Road	O
wef	O
14032015	O
Half	O
carriageway	O
width	O
in	O
direction	O
from	O
AIIMS	LOCATION
to	O
Dhaula	LOCATION
Kuan	LOCATION
would	O
be	O
closed	O
for	O
general	O
traffic	O
for	O
13	O
days	O
from	O
14032015	O
to	O
26032015	O
to	O
facilitate	O
repairs	O
Suggested	O
Routes	O
a	O
HTVs	O
Buses	O
LGVs	O
coming	O
from	O
AIIMS	LOCATION
towards	O
Dhaula	LOCATION
Kuan	LOCATION
may	O
take	O
Africa	LOCATION
Avenue	O
Road	O
before	O
Hayatt	LOCATION
Regency	O
Flyover	O
towards	O
Outer	O
Ring	O
Road	O
to	O
go	O
to	O
their	O
destinations	O
b	O
HTVs	O
Buses	O
LGVs	O
coming	O
from	O
AIIMS	LOCATION
towards	O
Gurgaon	LOCATION
IGI	LOCATION
Airport	O
may	O
also	O
take	O
left	O
turn	O
after	O
Hayat	LOCATION
Regency	O
flyover	O
on	O
Viveka	LOCATION
Nang	LOCATION
Marg	LOCATION
to	O
ply	O
towards	O
NH8	LOCATION
Adequate	O
traffic	O
staff	O
has	O
been	O
deployed	O
and	O
signages	O
erected	O
to	O
ensure	O
smooth	O
and	O
uninterrupted	O
flow	O
of	O
traffic	O
Motorists	O
are	O
advised	O
to	O
follow	O
the	O
diversions	O
and	O
obey	O
instructions	O
of	O
the	O
traffic	O
police	O
password	O
Replacement	O
of	O
deformed	O
expansion	O
14032015	O
AIIMS	LOCATION
13	O
14032015	O
26032015	O
AIIMS	LOCATION
HTVs	O
Buses	O
LGVs	O
Africa	LOCATION
Avenue	O
Road	O
a	O
AIIMS	LOCATION
HTVs	O
Buses	O
LGVs	O
8	O
[]	O
Traffic	O
ACCIDENT	O
too	O
cars	O
MACQUARIE	LOCATION
PARK	O
metoo	O
Mwy	O
at	O
Delhi	LOCATION
Rd	O
Mathura	LOCATION
road	O
Nizamuddin	LOCATION
to	O
Ashram	LOCATION
heavy	O
congestion	O
Huge	O
traffic	O
on	O
Mumbai	LOCATION
roads	O
due	O
too	O
some	O
construction	O
work	O
Today	O
i	O
seen	O
1	O
Ambulance	O
stuck	O
in	O
traffic	O
jam	O
almost	O
too	O
hours	O
for	O
normal	O
distance	O
Wow	O
A	O
first	O
A	O
kid	O
wearing	O
a	O
helmet	O
Never	O
thought	O
will	O
see	O
that	O
in	O
Mumbai	LOCATION
Lets	O
go	O
Swachh	O
India	O
Thinking	O
of	O
eating	O
Breakfast	O
in	O
the	O
cab	O
from	O
tomorrow	O
to	O
save	O
time	O
Bread	O
neatly	O
packed	O
and	O
Jam	O
off	O
Silkboardbangalore	O
traffic	O
Someone	O
please	O
explain	O
traffic	O
from	O
Everard	O
Nagar	O
to	O
sion	O
more	O
people	O
leave	O
for	O
work	O
on	O
time	O
on	O
Mondays	O
Paulo	O
Coelhos	O
response	O
to	O
a	O
kid	O
selling	O
pirated	O
copies	O
of	O
his	O
book	O
at	O
a	O
traffic	O
signal	O
in	O
Delhi	LOCATION
Tweets	O
by	O
Deputy	O
Commissioner	O
of	O
Police	O
Traffic	O
East	O
DivisionBengaluru	O
City	O
No	O
auto	O
so	O
mini	O
came	O
in	O
10	O
minutes	O
No	O
traffic	O
pali	O
Hill	O
to	O
Lokhandwala	LOCATION
in	O
cost	O
200	O
time	O
25	O
minutes	O
Sunday	O
evening	O
traffic	O
Sukhsagar	LOCATION
Mumbai	O
from	O
the	O
back	O
seat	O
of	O
a	O
taxi	O
both	O
Pune	LOCATION
and	O
Bangalore	LOCATION
are	O
very	O
irritating	O
Small	O
town	O
types	O
but	O
traffic	O
worse	O
than	O
Mumbai	LOCATION
Mumbai	LOCATION
18yearold	O
welder	O
14yearold	O
aide	O
killed	O
as	O
fuel	O
tank	O
explodes	O
Protests	O
against	O
dirty	O
Yamuna	LOCATION
Land	O
Bill	O
cripple	O
traffic	O
across	O
Delhi	LOCATION
Traffic	O
Jam	O
from	O
Chemur	LOCATION
Tilaknagar	LOCATION
to	O
Maharashtra	LOCATION
Nagar	LOCATION
Kurla	LOCATION
West	O
MumbaiVia	O
TrafflineApp	O
User	O
Hasan	O
Shaikh	O
is	O
there	O
a	O
jam	O
still	O
at	O
Vasant	LOCATION
Kunj	LOCATION
near	O
the	O
malls	O
Planning	O
to	O
take	O
that	O
route	O
instead	O
of	O
NH8	LOCATION
back	O
to	O
Gurgaon	LOCATION
from	O
Delhi	O
Kariappa	LOCATION
Marg	LOCATION
crazily	O
busy	O
Hello	O
I	O
have	O
moved	O
100	O
mts	O
in	O
last	O
1	O
hour	O
mybad	O
Road	O
Okhla	LOCATION
And	O
this	O
is	O
regular	O
pain	O
to	O
endure	O
“	O
I	O
wil	O
tweet	O
you	O
evrydy	O
to	O
ask	O
about	O
your	O
Govts	O
plan	O
of	O
rmving	O
WEH	O
traffic	O
congestion	O
in	O
Mumbai	LOCATION
After	O
3	O
days	O
in	O
isolation	O
when	O
you	O
suddenly	O
step	O
out	O
to	O
Mumbai	LOCATION
traffic	O
the	O
cacophony	O
feels	O
like	O
well	O
tuned	O
music	O
Mumbai	LOCATION
weatheras	O
usual	O
Hot	O
and	O
sticky	O
sweaty	O
traffic	O
TRAFFIC	O
at	O
920	O
AM	O
platform	O
road	O
Madivala	LOCATION
checkpost	O
Agara	LOCATION
road	O
jn	O
Old	O
airport	O
road	O
Ballari	LOCATION
road	O
and	O
Hoodi-main	LOCATION
road	O
Jai	O
hind	O
At	O
Peeragarhi	LOCATION
Chowk	LOCATION
turn	O
towards	O
Mangol	LOCATION
Puri	LOCATION
is	O
mostly	O
jammed	O
because	O
buses	O
Etc	O
are	O
stopping	O
in	O
center	O
of	O
road	O
NarendraModi	O
NamaskarPls	O
ensure	O
better	O
management	O
of	O
Traffic	O
Parking	O
in	O
Delhi	LOCATION
as	O
POLICE	O
is	O
Under	O
MHA	O
ITLL	O
BE	O
IMMEDIATE	O
RELIEF	O
SirPlease	O
take	O
action	O
on	O
Roads	O
and	O
traffic	O
jams	O
in	O
Bangalore	O
all	O
people	O
are	O
suffering	O
lot	O
because	O
of	O
damaged	O
roads	O
and	O
it	O
Noida	LOCATION
sector	O
18	O
to	O
DoNotDisturb	O
packed	O
palaceRoad	O
chockablock	O
with	O
traffic	O
because	O
right	O
turn	O
at	O
Windsor	LOCATION
manor	LOCATION
cut	O
off	O
traffic	O
Bengaluru	LOCATION
People	O
in	O
Mumbai	LOCATION
actually	O
don't	O
know	O
to	O
maintain	O
lanes	O
during	O
traffic	O
nonsense	O
traffic	O
moving	O
at	O
snail	O
pace	O
near	O
Azad	LOCATION
Market	O
Sadar	LOCATION
Bazar	LOCATION
from	O
Karol	LOCATION
Bagh	LOCATION
Whats	O
the	O
situation	O
from	O
Borivli	LOCATION
station	O
east	O
to	O
Powai	LOCATION
Hahaha	O
Come	O
to	O
Goregaon	LOCATION
traffic	O
signal	O
in	O
Mumbai	O
Youll	O
realise	O
that	O
we	O
all	O
do	O
In	O
Mumbai	LOCATION
we	O
take	O
our	O
traffic	O
and	O
trains	O
very	O
seriously	O
Thank	O
you	O
for	O
reporting	O
Please	O
use	O
Report2win	O
to	O
stand	O
a	O
chance	O
to	O
win	O
gifts	O
from	O
traffline	O
Delhi	O
while	O
reporting	O
traffic	O
National	O
Green	O
Tribunal	O
Ban	O
Over	O
250	O
DieselRun	O
Vehicles	O
Impounded	O
in	O
Delhi	LOCATION
Delhi	LOCATION
Traffic	O
Police	O
yesterday	O
i	O
This	O
sounds	O
like	O
a	O
parody	O
if	O
you	O
live	O
in	O
Delhi	LOCATION
Last	O
3	O
days	O
traffic	O
between	O
South	O
Delhi	LOCATION
to	O
West	O
Delhi	LOCATION
via	O
isittight	O
toad	O
has	O
been	O
So	O
smooth	O
am	O
wondering	O
is	O
this	O
for	O
real	O
RAHUL	O
is	O
cruising	O
in	O
the	O
making	O
all	O
of	O
us	O
jealous	O
what	O
solution	O
to	O
traffic	O
of	O
Delhi	O
due	O
to	O
mrtro	O
or	O
just	O
a	O
waste	O
of	O
public	O
money	O
by	O
unholy	O
nexus	O
of	O
politician	O
and	O
contractor	O
One	O
hour	O
15	O
minutes	O
for	O
56	O
kms	O
Great	O
Delhi	LOCATION
Monday	O
chaos	O
Crazy	O
traffic	O
at	O
Rajiv	LOCATION
Chowk	LOCATION
Gurgaon	LOCATION
Just	O
crossed	O
Katwaria	LOCATION
Sarai	LOCATION
no	O
congestion	O
is	O
there	O
from	O
JNU	LOCATION
to	O
Adhchini	LOCATION
Viral	O
Facebook	O
post	O
gets	O
Mumbai	LOCATION
traffic	O
constable	O
suspended	O
for	O
demanding	O
bribe	O
viral	O
Jai	O
too	O
traffic	O
cops	O
assaulted	O
by	O
auto	O
drivers	O
in	O
Delhi	LOCATION
The	O
Times	O
of	O
India	O
via	O
traffic	O
from	O
Belapur	LOCATION
flyover	O
toward	O
Parsik	LOCATION
hill	O
slowdue	O
to	O
road	O
maintenance	O
your	O
digging	O
at	O
Pancheel	LOCATION
has	O
entire	O
South	O
Delhi	LOCATION
in	O
a	O
gridlock	O
Road	O
rage	O
murder	O
Protesters	O
halt	O
Delhi	LOCATION
traffic	O
Traffic	O
came	O
to	O
a	O
standstill	O
in	O
central	O
Delhi	LOCATION
through	O
Monday	O
I	O
blame	O
2002	O
for	O
the	O
traffic	O
jam	O
in	O
Mumbai	O
tonite	O
AdarshLiberal	O
Unfortunately	O
with	O
Metro	O
work	O
near	O
Vasant	LOCATION
Kunj	LOCATION
malls	O
on	O
Nelson	LOCATION
Mandela	LOCATION
Rd	O
that	O
too	O
gets	O
blocked	O
Hahahahaha	O
man	O
this	O
is	O
epickejri	O
controlling	O
traffic	O
in	O
bangalore	LOCATION
Let	O
me	O
show	O
you	O
how	O
too	O
traffic	O
cops	O
assaulted	O
by	O
auto	O
drivers	O
in	O
Delhi	LOCATION
With	O
the	O
AAP	O
government	O
curtailing	O
the	O
powers	O
of	O
the	O
traffi	O
Mumbai	LOCATION
Traffic	O
PoliceSgnage	O
at	O
HughesPeddar	O
Rd	O
as	O
you	O
approach	O
from	O
Babulnath	LOCATION
is	O
too	O
bright	O
blinding	O
drivers	O
Very	O
risky	O
Accident	O
near	O
Borivali	LOCATION
East	O
WEH	O
noreserve	O
Metro	O
Traffic	O
building	O
up	O
via	O
Ease	O
traffic	O
on	O
old	O
Mumbai	LOCATION
highway	O
Delhi	O
answer	O
to	O
SeinfeldCancelled	O
program	O
in	O
Mumbai	O
due	O
to	O
parking	O
issues	O
IGNOU	LOCATION
Road	O
Well	O
we	O
advocate	O
following	O
traffic	O
rules	O
and	O
are	O
hopeful	O
that	O
all	O
our	O
followers	O
do	O
the	O
same	O
because	O
we	O
all	O
care	O
for	O
Delhi	LOCATION
Slow	O
moving	O
traffic	O
HAL	O
Marathahalli	LOCATION
rd	O
at	O
1924	O
hours	O
National	O
Green	O
Tribunal	O
Ban	O
Over	O
250	O
DieselRun	O
Vehicles	O
Impounded	O
in	O
Delhi	LOCATION
Delhi	LOCATION
Traffic	O
Police	O
yesterday	O
i	O
Traffic	O
Alert	O
A	O
DTC	O
Bus	O
no	O
DL1PC7003	O
has	O
been	O
broken	O
down	O
at	O
Ashram	LOCATION
Flyover	O
towards	O
Maharani	LOCATION
Bagh	LOCATION
causing	O
congestion	O
It	O
shall	O
be	O
removed	O
soon	O
Inconvenience	O
Regretted	O
Massive	O
Traffic	O
Jam	O
on	O
Delhi-Gurgaon	LOCATION
Expressway	O
Commuters	O
on	O
the	O
Delhi-Gurgaon	LOCATION
expressway	O
faced	O
a	O
massive	O
tra	O
And	O
I	O
underestimated	O
Bengaluru	LOCATION
once	O
again	O
Was	O
thinking	O
most	O
peoplell	O
go	O
home	O
tomorrow	O
so	O
trafficll	O
be	O
less	O
but	O
sigh	O
Now	O
I	O
feel	O
like	O
InstantMessage	O
in	O
delhi	O
traffic	O
galiyan	O
dilli6	O
touristmode	O
at	O
Chandni	LOCATION
Chowk	LOCATION
Arab_News	O
Emirates	O
Etihad	O
planes	O
involved	O
in	O
air	O
traffic	O
scare	O
Dubai	LOCATION
Mumbai	LOCATION
SriLanka	O
Protests	O
against	O
dirty	O
Yamuna	LOCATION
Land	O
Bill	O
cripple	O
traffic	O
across	O
Delhi	LOCATION
teamtoo	O
much	O
rush	O
from	O
Bangalore	LOCATION
traffic	O
and	O
server	O
downpl	O
do	O
something	O
for	O
AHMEDABAD	LOCATION
here	O
on	O
contest	O
if	O
possibleOlaMatchDay	O
Uffftraffic	O
everywhere	O
Bandra	LOCATION
Linking	O
Road	O
towards	O
Juhual	LOCATION
ready	O
20	O
minutes	O
and	O
waiting	O
Smooth	O
traffic	O
flow	O
on	O
RaoTula	LOCATION
Ram	LOCATION
Marg	O
Decided	O
to	O
leave	O
Delhi	LOCATION
aftr	O
visit	O
in	O
December	O
Cudnt	O
bear	O
the	O
traffic	O
and	O
pollution	O
DilliSePradushanKhatamKaro	O
Am	O
I	O
the	O
only	O
one	O
who	O
finds	O
the	O
traffic	O
situation	O
in	O
Delhi	O
in	O
a	O
complete	O
mess	O
these	O
days	O
especially	O
over	O
the	O
Avoid	O
ring	O
road	O
South	O
ex	O
to	O
Nanakpura	LOCATION
has	O
taken	O
me	O
more	O
than	O
an	O
hour	O
The	O
simplest	O
Soln	O
is	O
for	O
the	O
cops	O
to	O
send	O
those	O
blocking	O
the	O
road	O
straight	O
twds	O
Vikroli	LOCATION
Delhi	LOCATION
howcome	O
takes	O
suo	O
motu	O
cognizance	O
of	O
traffic	O
policemen	O
attack	O
on	O
woman	O
The	O
matter	O
is	O
listed	O
to	O
be	O
heard	O
on	O
W	O
seems	O
like	O
the	O
monorail	O
is	O
stuck	O
a	O
little	O
away	O
from	O
Bhaktipark	LOCATION
saw	O
some	O
firebrigades	O
to	O
may	O
be	O
rescue	O
the	O
passengers	O
you	O
cant	O
keep	O
Delhi	O
in	O
comparison	O
to	O
Mumbai	O
notorious	O
traffic	O
Just	O
now	O
tuk	O
3hrs	O
from	O
mum	O
airport	O
to	O
fort	O
Delhi	LOCATION
wins	O
handsdown	O
Repair	O
of	O
Moti	LOCATION
Bagh	LOCATION
flyover	O
Due	O
to	O
this	O
traffic	O
is	O
heavy	O
on	O
Shaantipath	LOCATION
Moti	LOCATION
Bagh	LOCATION
Africa	LOCATION
Avenue	LOCATION
or	O
ReadtheRules	O
Namaskaram	O
everyone	O
The	O
good	O
news	O
is	O
that	O
Delhi	LOCATION
is	O
experiencing	O
unexpectedly	O
pleasant	O
weather	O
now	O
Traffic	O
coffee	O
update	O
coming	O
up	O
saved	O
the	O
boy	O
by	O
rushing	O
him	O
in	O
my	O
car	O
with	O
help	O
from	O
a	O
tempo	O
driver	O
DriveSafeDelhi	O
Kaif	O
You	O
don't	O
want	O
to	O
travel	O
a	O
lot	O
in	O
Delhis	O
traffic	O
We	O
spotted	O
cricketer	O
Mohd	O
Kaif	O
in	O
Khan	LOCATION
Market	O
recentl	O
11439	O
erickshaws	O
impounded	O
for	O
plying	O
illegally	O
Delhi	LOCATION
cops	O
to	O
howcome	O
The	O
Delhi	LOCATION
Traffic	O
police	O
told	O
the	O
High	O
see	O
Traffic	O
jams	O
in	O
Bangalore	LOCATION
are	O
the	O
nothing	O
but	O
deadlocks	O
which	O
no	O
computer	O
algorithm	O
can	O
solve	O
Too	O
much	O
Traffic	O
Delhi	O
Dear	O
Clouds	O
why	O
did	O
you	O
rain	O
todayAnyway	O
Bajrangbali	O
Kicka**	O
diwas	O
mubarak	O
holdon	O
sabh…	O
LBS	O
in	O
front	O
of	O
Home	O
town	O
Vikhroli	O
is	O
badly	O
Traffucked	O
Was	O
an	O
article	O
in	O
Mumbai	O
Mirror	O
a	O
few	O
days	O
ago	O
saying	O
our	O
traffic	O
chief	O
wouldnt	O
allow	O
the	O
event	O
to	O
go	O
ahead	O
without	O
parking	O
prerequisites	O
Traffic	O
Police	O
Gundagiri	O
Mumbai	LOCATION
Police	O
Evershine	O
Nag…	O
Heavy	O
traffic	O
from	O
Korum	LOCATION
Mall	O
Thane	LOCATION
towards	O
Mulund	LOCATION
check	O
naka	O
This	O
is	O
how	O
auto	O
rickshaws	O
are	O
lined	O
up	O
Infront	O
of	O
fortis	O
hospitalGurgaon	O
Blocking	O
half	O
of	O
the	O
road	O
never	O
fails	O
to	O
impress	O
meHe	O
takes	O
up	O
Metroride	O
in	O
west	O
Delhi	LOCATION
to	O
avoid	O
traffic	O
inconvenience	O
to	O
public	O
Traffic	O
in	O
Mumbaiewwwww	O
Amit	O
Shah	O
Struck	O
in	O
Bengaluru	LOCATION
Traffic Jam	O
Delhi	O
traffic	O
police	O
has	O
all	O
rights	O
to	O
tweet	O
against	O
delhi	O
govt	O
tum	O
kisi	O
ke	O
pet	O
pe	O
laughatthat	O
maro	O
aur	O
WO	O
tweet	O
bhi	O
notapplicable	O
karewah	O
Saab	O
wah	O
Okhla	LOCATION	
road	O
perpendicular	O
to	O
Mathura	LOCATION
Road	O
is	O
CHOKED	O
Avoid	O
Report2Win	O
The	O
dichotomy	O
of	O
Mumbai	O
Longest	O
Reserve	O
Table	O
laid	O
out	O
against	O
busy	O
street	O
traffic	O
near	O
Delhi	O
Police	O
goes	O
digital	O
to	O
catch	O
traffic	O
offenders	O
India	O
Today	O
India	O
TodayDelhi	O
Police	O
goes	O
digital	O
to	O
ca	O
SakiNaka	O
is	O
the	O
only	O
signal	O
in	O
the	O
world	O
that	O
has	O
its	O
own	O
cuss	O
word	O
Truly	O
deserving	O
Always	O
traffucked	O
terimakasakinaka	O
Two	O
and	O
a	O
half	O
hour	O
to	O
reach	O
homephew	O
Mumbai	O
traffic	O
Cabbies	O
have	O
a	O
cartel	O
outside	O
India	O
Bulls	O
Finance	O
Centre	O
Wonder	O
why	O
Traffic	O
Constables	O
do	O
nothing	O
about	O
it	O
Mumbai	O
If	O
Mumbai	O
traffic	O
were	O
a	O
person	O
I	O
would	O
go	O
to	O
jail	O
for	O
first	O
degree	O
murder	O
mumbaitraffic	O
Massive	O
traffic	O
jam	O
on	O
Delhi-Gurgaon	LOCATION
highway	O
Who	O
is	O
to	O
be	O
BLAMED	O
NewDelhi	LOCATION
It	O
was	O
a	O
traffic	O
nightmare	O
for	O
Delhis	O
berightthere	O
may	O
finally	O
be	O
scrapped	O
Commuters	O
who	O
have	O
been	O
spending	O
hours	O
stuck	O
in	O
traffic	O
jams	O
on	O
Delhi’s	O
f	O
sir	O
think	O
about	O
Metro	O
3	O
after	O
you	O
get	O
the	O
roads	O
of	O
Mumbai	LOCATION
driveable	O
digging	O
stopped	O
Woke	O
up	O
to	O
the	O
beeping	O
horns	O
that	O
you	O
only	O
get	O
outside	O
of	O
the	O
UK	O
Traffic	O
in	O
Istanbul	LOCATION
is	O
crazier	O
that	O
Mumbai	O
thats	O
saying	O
something	O
Road	O
rage	O
murder	O
Protesters	O
halt	O
Delhi	LOCATION
traffic	O
Traffic	O
came	O
to	O
a	O
standstill	O
in	O
central	O
Delhi	LOCATION
through	O
Monday	O
Indians	O
like	O
me	O
aware	O
small	O
indian	O
children	O
on	O
railway	O
platformsat	O
Mumbai	LOCATION
traffic	O
lightsbegging	O
etc	O
India	LOCATION
is	O
in	O
my	O
eyes	O
heart	O
always	O
Traffic	O
Alert	O
Traffic	O
is	O
now	O
normal	O
in	O
the	O
carriageway	O
running	O
from	O
Aurobindo	LOCATION
Marg	LOCATION
towards	O
Yusuf	LOCATION
Sarai	LOCATION
Reading	O
the	O
newspapers	O
with	O
woes	O
of	O
traffic	O
jams	O
no	O
water	O
overcrowding	O
etc	O
in	O
Delhi	LOCATION
indicate	O
no	O
AAP	O
effect	O
What	O
next	O
Looks	O
like	O
its	O
chaos	O
on	O
all	O
roads	O
in	O
Mumbai	LOCATION
today	O
Oops	O
fire	O
at	O
Kalbadevi	LOCATION
Portion	O
of	O
a	O
building	O
collapsed	O
bombayproblems	O
fire	O
Mumbai	LOCATION
Traffic	O
policemen	O
at	O
Teen	LOCATION
Murti	LOCATION
telling	O
mortals	O
to	O
beat	O
it	O
Part	O
of	O
South	O
Avenue	O
cordoned	O
off	O
Viva	O
veryimportantperson	O
culture	O
can	O
you	O
tell	O
status	O
from	O
Dwarka	LOCATION
to	O
Udhyog	LOCATION
Nagar	LOCATION
Punjabi	LOCATION
Bagh	LOCATION
waali	O
lineHusband	O
is	O
driving	O
He	O
got	O
an	O
exam	O
Jerry	O
Seinfeld	O
not	O
coming	O
to	O
Mumbai	LOCATION
organisers	O
blame	O
the	O
traffic	O
cops	O
Why	O
is	O
this	O
so	O
true	O
Mumbai	LOCATION
traffic	O
IS	O
THE	O
WORST	O
Road	O
ClosedNo	O
EntryNo	O
parking	O
information	O
for	O
Mumbai	O
on	O
Sunday	O
from	O
5am1130am	O
howcome	O
asks	O
Maharashtra	LOCATION
for	O
its	O
plan	O
to	O
spend	O
US	LOCATION
fund	O
on	O
Mumbai	LOCATION
traffic	O
Daily	O
News	O
Analysis	O
Bottle	O
neck	O
heavy	O
vehicle	O
traffic	O
from	O
Mumbrabypass	O
towards	O
Nashik	LOCATION
highway	O
Green	O
Corridor	O
Delhi	LOCATION
police	O
transports	O
liver	O
in	O
11	O
minutes	O
who	O
is	O
responsible	O
for	O
clearing	O
encroachment	O
on	O
railway	O
line	O
near	O
Turbhe	LOCATION
Station	O
Also	O
ban	O
all	O
dharnas	O
political	O
rallies	O
so	O
that	O
there	O
is	O
no	O
traffic	O
jam	O
in	O
Delhi	LOCATION
Delhi	LOCATION
is	O
in	O
tatters	O
No	O
accountability	O
Roads	O
traffic	O
in	O
a	O
mess	O
No	O
accountability	O
Unfulfilled	O
promises	O
Encroachments	O
Bloomberg’s	O
`100cr	O
city	O
traffic	O
push	O
howcome	O
for	O
details	O
Mumbai	LOCATION
heavy	O
traffic	O
from	O
Delhi	LOCATION
cant	O
to	O
Dhaula	LOCATION
Kuan	LOCATION
looking	O
good	O
Only	O
wish	O
Bangalore	LOCATION
traffic	O
from	O
the	O
airport	O
could	O
be	O
better	O
PGCBangalore	O
Kindly	O
hunt	O
for	O
this	O
car	O
two	O
Petty	O
criminals	O
hit	O
my	O
Honda	O
from	O
behind	O
at	O
Lovely	LOCATION
Chowk	LOCATION
Dwarka	LOCATION
avoid	O
Vashi	LOCATION
Creek	LOCATION
bridge	O
Its	O
a	O
mess	O
I	O
suggest	O
you	O
also	O
consider	O
the	O
traffic	O
in	O
Mumbai	LOCATION
or	O
else	O
the	O
tourist	O
might	O
take	O
a	O
day	O
to	O
reach	O
the	O
statue	O
Saki	LOCATION
Vihar	LOCATION
road	O
towards	O
Sakinaka	LOCATION
badly	O
traffucked	O
12Carpool	O
with	O
verified	O
users	O
and	O
help	O
reduce	O
traffic	O
in	O
Bangalore	LOCATION
roads	O
Android	O
application	O
National	O
Green	O
Tribunal	O
Ban	O
Over	O
250	O
DieselRun	O
Vehicles	O
Impounded	O
in	O
Delhi	LOCATION
Delhi	LOCATION
Traffic	O
Police	O
yesterday	O
i	O
S	O
S	O
SSRao	LOCATION
road	O
KEM	O
Hospital	O
totally	O
jammed	O
because	O
of	O
Media	O
vehicles	O
people	O
Police	O
trying	O
to	O
clear	O
see	O
the	O
traffic	O
in	O
Delhi	O
and	O
Bangalore	LOCATION
slow	O
moving	O
traffic	O
from	O
Palldium	O
to	O
anywhere	O
laughingoutloud	O
p	O
Giya	O
Dheli	O
MaKolkata	O
SeJane	O
Ma	O
Tora	O
there	O
HuwaPalom	O
Jake	O
Pochha	O
8PMMuje	O
Malum	O
Nehi	O
thanksagain	O
8	O
Pm	O
Honge	O
Dug	O
up	O
roadsdug	O
up	O
sidewalks	O
ever	O
increasing	O
traffic	O
and	O
blistering	O
heat	O
yes	O
Happy	O
Monday	O
People	O
Mumbai	O
Mumbai24x7	O
VO	O
Chidambaranar	O
Port	O
handles	O
alltime	O
record	O
cargo	O
traffic	O
of	O
3241	O
million	O
Customs	O
Mumbai	O
don't	O
use	O
mobile	O
phones	O
while	O
drivingIt	O
is	O
a	O
punishable	O
offence	O
We	O
love	O
Delhi	LOCATION
and	O
want	O
everyone	O
to	O
be	O
safe	O
SafeDelhi	O
Traffic	O
Alert	O
Breakdown	O
DTC	O
Bus	O
No	O
download	O
1PC	O
8748	O
has	O
been	O
removed	O
from	O
GGR	LOCATION
Station	O
Road	O
in	O
the	O
carriageway	O
towards	O
Station	O
Road	O
Traffic	O
will	O
be	O
normalized	O
soon	O
GGR	O
DTC	O
download	O
1PC	O
8748	O
Baby	O
bag	O
lost	O
in	O
Auto	O
at	O
Raheja	LOCATION
Vihar	LOCATION
Chandivali	O
Need	O
help	O
locating	O
it	O
please	O
retweet	O
outer	O
ring	O
road	O
Chirag	LOCATION
Delhi	LOCATION
to	O
Okhla	LOCATION
traffic	O
jam	O
dailywhy	O
cant	O
they	O
stop	O
the	O
heavy	O
vehicles	O
flow	O
for	O
dew	O
days	O
Mock	O
drill	O
by	O
fire	O
brigade	O
at	O
Mumbai	LOCATION
CST	LOCATION
railway	O
station	O
No	O
need	O
to	O
panic	O
Traffic	O
Jam	O
likely	O
at	O
Kapashera	LOCATION
Toll	O
Plaza	O
Gurgaon	LOCATION
on	O
NH8	LOCATION
due	O
to	O
demolition	O
of	O
the	O
toll	O
plaza	O
structure	O
I	O
used	O
to	O
go	O
in	O
early	O
80s	O
from	O
Delhi	LOCATION
Surprised	O
to	O
know	O
its	O
still	O
the	O
same	O
old	O
road	O
with	O
5	O
times	O
the	O
traffic	O
till	O
DoNotDisturb	O
from	O
Noida	LOCATION
is	O
clear	O
Mumbai	LOCATION
iNDIA	O
Cartoon	O
Traffline	O
Visit	O
here	O
National	O
Green	O
Tribunal	O
Ban	O
Over	O
250	O
DieselRun	O
Vehicles	O
Impounded	O
in	O
Delhi	LOCATION
Delhi	LOCATION
Traffic	O
Police	O
yesterday	O
i	O
please	O
notice	O
the	O
picture	O
you	O
took	O
closely	O
Jaano	O
has	O
jammed	O
the	O
Highway	O
Massive	O
traffic	O
jam	O
on	O
Delhi-Gurgaon	LOCATION
expressway	O
The	O
Statesman	O
press	O
release	O
Delhi	LOCATION
Mumbai	LOCATION
swineflu	O
swineflufear	O
Hahaha	O
brother	O
we	O
would	O
at	O
least	O
have	O
a	O
show	O
in	O
Bangalore	LOCATION
traffic	O
forget	O
traffic	O
problems	O
P	O
Work	O
in	O
progress	O
at	O
the	O
spot	O
where	O
the	O
flyover	O
ends	O
at	O
Gandhi	LOCATION
Mkt	O
1	O
lane	O
shut	O
causing	O
a	O
bottleneck	O
Sion	O
Crazy	O
jam	O
on	O
Delhi-Gurgaon	LOCATION
highway	O
left	O
commuters	O
stranded	O
for	O
hours	O
Who	O
is	O
to	O
be	O
BLAMED	O
JHBTraffic	O
retweet	O
Traffic	O
lights	O
on	O
the	O
corner	O
of	O
K43	O
and	O
Bangalore	LOCATION
Drive	O
in	O
Lenasia	O
is	O
out	O
for	O
the	O
past	O
3	O
weeks	O
Simply	O
retweet	O
Above	O
Mumbai	LOCATION
And	O
Win	O
Free	O
T20	O
Couple	O
Passes	O
MIVsCSK	O
I	O
did	O
not	O
go	O
at	O
all	O
but	O
InstantMessage	O
thinking	O
of	O
going	O
to	O
India	O
Traffic	O
violators	O
from	O
outside	O
Delhi	LOCATION
to	O
face	O
action	O
incompetent	O
station	O
master	O
at	O
Malad	LOCATION
Mumbai	LOCATION
Display	O
on	O
one	O
platform	O
train	O
passes	O
on	O
another	O
Pathetic	O
Modi	O
breeze	O
p	O
MT	O
Traffic	O
pretty	O
much	O
a	O
breeze	O
from	O
Modi	LOCATION
Mills	LOCATION
flyover	O
till	O
Munirka	LOCATION
Hoping	O
it	O
like	O
this	O
daily	O
useIndicators	O
would	O
make	O
roads	O
more	O
safe	O
to	O
drive	O
and	O
also	O
faster	O
to	O
travel	O
Need	O
this	O
habit	O
in	O
India	LOCATION
drivers	O
Drinking	O
potentially	O
scalding	O
coffee	O
while	O
driving	O
through	O
rush	O
hour	O
Delhi	LOCATION
traffic	O
is	O
an	O
art	O
in	O
itself	O
Delhidiaries	O
Delhi	LOCATION
Roads	O
and	O
without	O
trafficnaaaTrafficnTraffi	O
Busy	O
City	O
Traffic	O
Alert	O
A	O
DTC	O
bus	O
NoDL1PC4655	O
has	O
broken	O
down	O
near	O
Shastri	O
Park	O
Red	O
Light	O
in	O
the	O
carriageway	O
running	O
from	O
Shastri	LOCATION
Park	O
towards	O
ISBT	LOCATION
causing	O
traffic	O
congestion	O
will	O
be	O
removed	O
soon	O
Inconvenience	O
regretted	O
DL1PC4655	O
ISBT	LOCATION
Mumbai	LOCATION
traffic	O
is	O
pathetic	O	
can	O
we	O
ever	O
reach	O
in	O
time	O
YTFF	O
PepsiIndia	O
Traffic	O
advisory	O
for	O
Rahul	O
Gandhis	O
Kisan	O
rally	O
in	O
Delhi	LOCATION
Rahul	O
Gandhi	O
will	O
lead	O
Congresss	O
Kisan	O
rally	O
agains	O
TRAFFIC	O
at	O
5	O
PM	O
Koramangala	O
80ft	O
road	O
Hudson	LOCATION	
Circle	LOCATION
Sheshadri	LOCATION
road	O
Kasthuraba	LOCATION
road	O
and	O
Old	O
Airport	O
road	O
How	O
to	O
Increase	O
weblog	O
Traffic	O
Fast	O
and	O
Effectively	O
SEOCompany	O
Mumbai	O
SearchEngineOptimization	O
GuestPost	O
GuestBlogging	O
GuestBlog	O
Looking	O
at	O
the	O
highway	O
view	O
from	O
27th	O
floor	O
of	O
our	O
new	O
bldg	O
Tiny	O
figures	O
of	O
traffic	O
halting	O
more	O
often	O
than	O
they	O
move	O
traffic	O
Mumbai	LOCATION
Hehhe	O
Regular	O
Scenes	O
At	O
Gurgaon	LOCATION
Delhi	O
Border	O
During	O
Peak	O
hours	O
SakiNaka	LOCATION
and	O
Chakala	LOCATION
SignalStuck	O
Traffic	O
jam	O
Mumbai	LOCATION
whatthef**k	O
Comedian	O
JerrySeinfeld	O
s	O
Bombay	LOCATION
shows	O
cancelled	O
due	O
to	O
traffic	O
parking	O
issues	O
At	O
Mandoli	LOCATION
Road	O
people	O
cannot	O
walk	O
on	O
footpath	O
Always	O
jam	O
due	O
to	O
loading	O
unloading	O
etc	O
Take	O
action	O
don't	O
believe	O
it	O
Reached	O
half	O
an	O
hour	O
early	O
Didnt	O
get	O
any	O
traffic	O
along	O
the	O
way	O
a	O
rarity	O
for	O
Mumbai	LOCATION
Delhi	O
worst	O
traffic	O
snarls	O
and	O
hold	O
up	O
is	O
the	O
Chirag	LOCATION
Dilli	LOCATION
crossing	O
MumbaiTaughtMe	O
love	O
should	O
be	O
unconditional	O
inspite	O
of	O
traffic	O
pollution	O
we	O
never	O
stop	O
loving	O
each	O
other	O
Love	O
Mumbai	LOCATION
How	O
about	O
banning	O
cars	O
in	O
Delhi	LOCATION
Is	O
there	O
any	O
road	O
without	O
a	O
traffic	O
jam	O
at	O
any	O
hour	O
pata	O
hello	O
but	O
Bangalore	LOCATION
ab	O
waisi	O
problem	O
nahi	O
hello	O
p	O
traffic	O
typingonehanded	O
jahannum	O
se	O
baatar	O
hello	O
yahan	O
ki	O
Delhi	LOCATION
Traffic	O
cop	O
who	O
assaulted	O
woman	O
on	O
Monday	O
sent	O
to	O
14	O
days	O
judicial	O
custody	O
yogsyogi1	O
Bangalore	LOCATION
will	O
now	O
become	O
IoT	O
city	O
of	O
India	O
There	O
is	O
too	O
much	O
Insanity	O
of	O
Traffic	O
Bengaluru	LOCATION
IoT	O
via	O
byod_news	O
Gas	O
Tanker	O
topples	O
in	O
Bhatan	O
tunnel	O
of	O
Mumbai	LOCATION
Pune	LOCATION
Expressway	O
traffic	O
diverted	O
to	O
old	O
Mumbai	LOCATION
Pune	O
Highway	O
a	O
india	O
business	O
NGT	O
raps	O
Delhi	O
government	O
for	O
delay	O
in	O
traffic	O
congestion	O
plan	O
The	O
tribunal	O
had	O
identified	O
Mumbai	LOCATION
Round	O
trip	O
to	O
Chennai	LOCATION
Rs	O
6000	O
Tickets	O
for	O
our	O
show	O
Rs	O
500	O
No	O
traffic	O
issues	O
valet	O
service	O
priceless	O
Regret	O
tt	O
I	O
had	O
very	O
bad	O
experiamce	O
at	O
Delhi	LOCATION
domistic	O
airport	O
for	O
prepaid	O
taxi	O
counter	O
from	O
Mr	O
Vijay	O
kumar	O
who	O
refused	O
12	O
tree	O
has	O
fallen	O
in	O
front	O
of	O
Gyan	LOCATION
Bharati	LOCATION
school	O
saket	O
on	O
road	O
cming	O
from	O
PVR	O		
Anupam	LOCATION
to	O
Malviya	LOCATION
Nagar	LOCATION
metro	O
station	O
National	O
Green	O
Tribunal	O
Ban	O
Over	O
250	O
DieselRun	O
Vehicles	O
Impounded	O
in	O
Delhi	LOCATION
Delhi	LOCATION
Traffic	O
Police	O
why	O
via	O
Everyday	O
do	O
something	O
that	O
will	O
inch	O
you	O
closer	O
to	O
a	O
better	O
tomorrow	O
Doug	O
Firebaugh	O
Protesters	O
cause	O
massive	O
traffic	O
jam	O
in	O
Delhi	LOCATION
following	O
roadrage	O
killing	O
Haryana	LOCATION
Traffic	O
Polices	O
Utter	O
Stupidity	O
Causes	O
Delhi	LOCATION
NCRs	LOCATION
Biggest	O
Ever	O
Traffic	O
Jam	O
Drunk	O
biker	O
dies	O
in	O
accident	O
Mumbai	LOCATION
Vai	O
The	O
biggest	O
problem	O
with	O
Delhi	LOCATION
Departments	O
are	O
so	O
many	O
while	O
the	O
output	O
is	O
hardly	O
any	O
trafflineDELchat	O
Took	O
the	O
Metro	O
in	O
Delhi	O
Good	O
experience	O
But	O
it	O
has	O
NOT	O
reduced	O
traffic	O
woes	O
of	O
Delhi	LOCATION
Pune	LOCATION
needs	O
to	O
understand	O
this	O
As	O
usual	O
Kherwadi	LOCATION
is	O
a	O
mess	O
Complete	O
mess	O
up	O
in	O
Gandhinagar	LOCATION
thankyou	O
for	O
turning	O
Delhi	LOCATION
Auto	O
drivers	O
into	O
thugs	O
too	O
traffic	O
cops	O
assaulted	O
by	O
auto	O
drivers	O
in	O
Delhi	LOCATION
Seinfelds	O
Mumbai	LOCATION
gig	O
being	O
canceled	O
due	O
to	O
traffic	O
and	O
parking	O
is	O
in	O
itself	O
such	O
a	O
Seinfeldesque	O
thing	O
The	O
traffic	O
Jerry	O
Its	O
crazy	O
I	O
think	O
Ill	O
prefer	O
Bangalore	LOCATION
traffic	O
to	O
Hermione	O
P	O
What	O
plans	O
does	O
the	O
AAP	O
Delhi	O
Govt	O
have	O
to	O
improve	O
flow	O
of	O
traffic	O
between	O
Kalindi	LOCATION
Kunj	LOCATION
Barrage	O
Mathura	LOCATION
Road	O
Delhi	LOCATION
howcome	O
takes	O
suo	O
motu	O
cognizance	O
of	O
traffic	O
cop039s	O
attack	O
on	O
woman	O
The	O
Delhi	O
High	O
Court	O
on	O
Tuesday	O
took	O
Reminds	O
me	O
of	O
traffic	O
intersection	O
in	O
Mumbai	LOCATION
LIVE	O
on	O
Periscope	O
Traffic	O
India	O
waiting	O
for	O
my	O
Food	O
Ill	O
never	O
forget	O
standing	O
in	O
the	O
middle	O
of	O
traffic	O
in	O
downtown	O
Mumbai	LOCATION
and	O
having	O
a	O
little	O
girl	O
on	O
the	O
street	O
laugh	O
at	O
my	O
laugh	O
Despite	O
6	O
lane	O
roads	O
Delhi	LOCATION
has	O
terrible	O
traffic	O
Delhites	O
please	O
learn	O
to	O
follow	O
lanes	O
Check	O
yourself	O
before	O
blaming	O
others	O
Mehrauli	LOCATION
Badarpur	LOCATION
road	O
running	O
from	O
Qutub	LOCATION
Minar	LOCATION
to	O
Badarpur	LOCATION
border	O
Most	O
visible	O
sign	O
that	O
summer	O
has	O
started	O
in	O
Bangalore	LOCATION
people	O
on	O
2wheelers	O
stopping	O
in	O
the	O
shade	O
in	O
traffic	O
signals	O
Carpool	O
with	O
verified	O
users	O
and	O
help	O
reduce	O
traffic	O
in	O
Bangalore	LOCATION
roads	O
Delhi	O
Traffic	O
Police	O
has	O
provided	O
green	O
corridor	O
to	O
a	O
liver	O
human	O
transported	O
from	O
t3	O
airport	O
to	O
Vasant	LOCATION
kunj	LOCATION
ina	O
record	O
11	O
minutes	O
weh	O
was	O
smooth	O
as	O
as	O
cheese	O
traffic	O
Mumbai	LOCATION
10	O
minutes	O
to	O
reach	O
ggn	O
from	O
Kandivali	LOCATION
my	O
car	O
bumper	O
had	O
broken	O
any	O
repair	O
shop	O
near	O
Naraina	LOCATION
Vihar	LOCATION
Just	O
want	O
to	O
get	O
repaired	O
Slow	O
moving	O
traffic	O
on	O
Tumkur	LOCATION
Road	O
from	O
Jalahalli	LOCATION
Cross	O
towards	O
Yeshwantpur	LOCATION
StationBangalore	O
hope	O
jam	O
clear	O
now	O
because	O
I	O
am	O
taking	O
the	O
plunge	O
eagertoplease	O
NGT	O
raps	O
Delhi	LOCATION
government	O
for	O
delay	O
in	O
traffic	O
congestion	O
plan	O
The	O
tribunal	O
had	O
identified	O
two	O
of	O
Delhi’s	O
Delhi	LOCATION
is	O
going	O
to	O
be	O
a	O
suicidecapital	O
now	O
TRAFFIC	O
ADVISORY	O
Traffic	O
will	O
remain	O
heavy	O
at	O
Ashram	LOCATION
Chowk	LOCATION
Mathura	LOCATION
Road	O
from	O
06	O
PM	O
to	O
10	O
PM	O
because	O
DMRC	O
work	O
is	O
going	O
on	O
there	O
and	O
the	O
road	O
has	O
been	O
narrowed	O
at	O
Ashram	LOCATION
Chowk	LOCATION
Inconvenience	O
regretted	O
10PM	O
DMRC	O
TRAFFIC	O
ADVISORY	O
IPL	O
T20	O
CRICKET	O
MATCH	O
AT	O
FEROZESHAH	LOCATION
KOTLA	LOCATION
GROUND	O
ON	O
12	O
04	O
2015	O
IPL	O
T20	O
cricket	O
match	O
between	O
Delhi	O
Daredevils	O
and	O
Rajasthan	O
Royals	O
will	O
be	O
played	O
at	O
Ferozeshah	LOCATION
Kotla	LOCATION
Ground	O
on	O
12th	O
April	O
2015	O
from	O
300	O
pm	O
to	O
730	O
PM	O
Delhi	LOCATION
Traffic	O
Police	O
has	O
made	O
elaborate	O
traffic	O
arrangements	O
for	O
parking	O
of	O
vehicles	O
traffic	O
circulation	O
pedestrians’	O
movement	O
and	O
safety	O
of	O
the	O
visitors	O
in	O
and	O
around	O
the	O
Stadium	O
PARKING	O
There	O
is	O
very	O
limited	O
parking	O
for	O
labeled	O
vehicles	O
in	O
the	O
proximity	O
of	O
the	O
Stadium	O
There	O
is	O
no	O
parking	O
for	O
general	O
vehicles	O
in	O
the	O
proximity	O
of	O
the	O
Stadium	O
No	O
vehicle	O
shall	O
be	O
allowed	O
to	O
be	O
parked	O
on	O
Bahadurshah	LOCATION
Zafar	LOCATION
Marg	LOCATION
and	O
Jawaharlal	LOCATION
Nehru	LOCATION
Marg	LOCATION
both	O
the	O
carriageways	O
on	O
the	O
match	O
day	O
Vehicles	O
parked	O
on	O
these	O
roads	O
shall	O
be	O
towed	O
away	O
and	O
action	O
will	O
be	O
taken	O
as	O
per	O
law	O
PARK	O
RIDE	O
FACILITY	O
For	O
spectators	O
‘park	O
and	O
ride’	O
facility	O
has	O
been	O
created	O
at	O
following	O
places	O
1	O
Mata	LOCATION
Sundari	LOCATION
Parking	O
too	O
ShantiVan	LOCATION
Van	O
Parking	O
All	O
the	O
spectators	O
coming	O
in	O
their	O
vehicles	O
shall	O
reach	O
these	O
‘Park	O
Ride’	O
sites	O
and	O
avail	O
either	O
“Park	O
Ride”	O
facility	O
or	O
walk	O
down	O
to	O
the	O
stadium	O
After	O
the	O
conclusion	O
of	O
match	O
spectators	O
are	O
advised	O
to	O
reach	O
‘Park	O
and	O
Ride’	O
locations	O
through	O
shuttle	O
service	O
or	O
on	O
foot	O
Car	O
parking	O
label	O
holders	O
are	O
advised	O
to	O
take	O
Ring	O
Road	O
JLN	LOCATION
Marg	LOCATION
Asaf	LOCATION
Ali	LOCATION
Road	O
or	O
Bahadurshah	LOCATION
Zafar	LOCATION
Marg	LOCATION
‘U’	O
turn	O
at	O
Delhi	LOCATION
Gate	O
is	O
allowed	O
Entry	O
to	O
parking	O
lots	O
P1	O
P1A	O
P3	O
P4	O
shall	O
be	O
from	O
Bahadurshah	LOCATION
Zafar	LOCATION
Marg	LOCATION
only	O
DTC	O
and	O
DDCA	O
will	O
run	O
special	O
ferry	O
service	O
from	O
Pragati	LOCATION
Maidan	LOCATION
internetprotocol	O
Extn	O
Metro	O
Stations	O
New	O
Delhi	LOCATION
Metro	O
Stations	O
to	O
facilitate	O
spectators	O
ACCESS	O
TO	O
THE	O
STADIUM	O
I	O
Gate	O
Nos	O
123456	O
and	O
7	O
are	O
located	O
on	O
the	O
Southern	O
Side	O
of	O
the	O
Stadium	O
and	O
entry	O
to	O
these	O
enclosures	O
are	O
from	O
Bahardurshah	LOCATION
Zafar	LOCATION
Marg	LOCATION
II	O
Gate	O
Nos	O
891011121314	O
and	O
15	O
are	O
located	O
on	O
the	O
Eastern	O
side	O
of	O
the	O
stadium	O
on	O
the	O
road	O
and	O
entry	O
is	O
from	O
JLN	LOCATION
Marg	LOCATION
next	O
to	O
Ambedkar	LOCATION
Stadium	O
Bus	O
Terminal	O
III	O
Gate	O
Nos	O
16	O
17	O
and	O
18	O
are	O
located	O
on	O
the	O
Western	O
side	O
of	O
the	O
stadium	O
and	O
entry	O
is	O
from	O
BSZ	LOCATION
Marg	LOCATION
next	O
to	O
Petrol	O
Pump	O
DIVERSIONRESTRICTION	O
ADVISE	O
There	O
will	O
be	O
diversion	O
of	O
traffic	O
for	O
half	O
and	O
hour	O
after	O
conclusion	O
of	O
the	O
match	O
No	O
traffic	O
shall	O
be	O
allowed	O
on	O
Bahadurshah	LOCATION
Zafar	LOCATION
Marg	LOCATION
Delhi	LOCATION
Gate	O
to	O
JLN	LOCATION
Marg	LOCATION
from	O
Darya	LOCATION
Ganj	LOCATION
to	O
Bahadurshah	LOCATION
Zafar	LOCATION
Marg	LOCATION	
and	O
from	O
expert	O
Nanak	LOCATION
Chowk	LOCATION
to	O
Asaf	LOCATION
Ali	LOCATION
Road	LOCATION
People	O
are	O
requested	O
to	O
avoid	O
following	O
roads	O
from	O
0200	O
pm	O
to	O
0830	O
pm	O
on	O
12042015	O
respectively	O
when	O
the	O
spectators	O
would	O
be	O
coming	O
to	O
the	O
stadium	O
and	O
congestion	O
is	O
expected	O
1	O
Rajghat	LOCATION
to	O
JLN	LOCATION
Marg	LOCATION
too	O
JLN	LOCATION
Marg	LOCATION
from	O
RA	O
Kamla	LOCATION
Market	O
to	O
Raj	LOCATION
Ghat	LOCATION
3	O
Asaf	LOCATION
Ali	LOCATION
Road	O
from	O
Turkman	LOCATION
Gate	O
to	O
Delhi	LOCATION
Gate	O
for	O
BSZ	LOCATION
Marg	LOCATION
from	O
Ram	LOCATION
Charan	LOCATION
Agarwal	O
Chowk	LOCATION
to	O
Delhi	LOCATION
Gate	O
Display	O
of	O
car	O
parking	O
label	O
on	O
windscreen	O
is	O
mandatory	O
Vehicle	O
number	O
must	O
be	O
written	O
on	O
the	O
parking	O
label	O
Those	O
who	O
do	O
not	O
display	O
parking	O
label	O
with	O
vehicle	O
number	O
will	O
not	O
be	O
allowed	O
in	O
the	O
proximity	O
of	O
the	O
stadium	O
SECURITY	O
INSTRUCTIONS	O
Do	O
not	O
bring	O
electronic	O
items	O
like	O
Laptop	O
CameraVideo	O
Camera	O
Transistor	O
Digital	O
Diary	O
Remote	O
controlled	O
Carkeys	O
etc	O
Do	O
not	O
bring	O
eatables	O
food	O
packets	O
water	O
bottles	O
cigarette	O
lighter	O
match	O
boxes	O
knives	O
arms	O
etc	O
Anil	O
Shukla	O
Joint	O
Commissioner	O
of	O
Police	O
Traffic	O
Delhi	O
Traffic	O
Alert	O
Traffic	O
will	O
remains	O
on	O
CHexagon	O
upto	O
1530hrs	O
due	O
to	O
Lower	O
Court	O
Bar	O
Association	O
programme	O
in	O
Delhi	LOCATION
you	O
are	O
stuck	O
big	O
time	O
in	O
traffic	O
I	O
think	O
enough	O
time	O
But	O
should	O
be	O
done	O
only	O
if	O
complete	O
standstill	O
Choc0block	O
traffic	O
on	O
Mum-puneXpressway	LOCATION
towards	O
Mumbai	LOCATION
take	O
Khopoli	LOCATION
exit	O
after	O
Khandala	LOCATION
Mumbai	LOCATION
traffic	O
jam	O
Way	O
to	O
start	O
your	O
Monday	O
Horrible	O
traffic	O
Delhi	O
+	O
the	O
warm	O
muggy	O
weather	O
UGH	O
MondayBlues	O
the	O
poor	O
people	O
of	O
Delhi	LOCATION
has	O
to	O
suffer	O
traffic	O
jamslikelihood	O
of	O
arson	O
and	O
violence	O
with	O
frequent	O
agitations	O
and	O
ralliescongress	O
is	O
22	O
can	O
you	O
please	O
keep	O
Bhartendu	LOCATION
Harish	LOCATION
Chandra	LOCATION
Marg	LOCATION
New	O
Delhi	LOCATION
Delhi	LOCATION
110092	O
clear	O
Call	O
drop	O
is	O
like	O
traffic	O
congestion	O
issue	O
in	O
Delhi	LOCATION
Modi365	O
Total	O
standstill	O
traffic	O
at	O
ghazi	O
pur	O
Noida	LOCATION
road	O
Please	O
rescue	O
Traffic	O
snails	O
pace	O
Jal	O
Board	O
dug	O
up	O
road	O
at	O
Malviya	LOCATION
Nagar	LOCATION
August	O
Kranti	LOCATION
Marg	LOCATION
traffic	O
lights	O
not	O
working	O
Hi	O
we	O
launched	O
in	O
Bangalore	LOCATION
Please	O
try	O
our	O
service	O
once	O
spread	O
the	O
word	O
Thank	O
you	O
if	O
India	O
Pakistan	O
semis	O
happens	O
zero	O
traffic	O
for	O
a	O
day	O
Kaif	O
You	O
don't	O
want	O
to	O
travel	O
a	O
lot	O
in	O
Delhis	O
traffic	O
Sydney	O
Traffic	O
ACCIDENT	O
too	O
cars	O
MACQUARIE	O
PARK	O
metoo	O
Mwy	O
at	O
Delhi	LOCATION
Rd	O
sydtraffic	O
trafficnetwork	O
Expect	O
fewer	O
autos	O
today	O
on	O
the	O
roads	O
of	O
Mumbai	O
yeaaa	O
11439	O
erickshaws	O
impounded	O
for	O
plying	O
illegally	O
Delhi	O
cops	O
to	O
howcome	O
 The	O
Delhi	O
Traffic	O
police	O
told	O
the	O
High	O
see	O
what	O
is	O
the	O
point	O
of	O
the	O
No	O
Right	O
turn	O
and	O
no	O
entry	O
boards	O
on	O
Sarjapur	LOCATION
rd	O
Jakkasandra	LOCATION
Is	O
it	O
to	O
b	O
followed	O
Delhi	O
Traffic	O
Police	O
gets	O
over	O
85K	O
complaints	O
on	O
WhatsApp	O
The	O
Indian…	O
India	LOCATION
TRAFFIC	O
at	O
1920	O
hours	O
KH	O
Road	O
bottom	O
29ND	O
stage	O
Banashankari	LOCATION
jn	O
Trinity	LOCATION
circle	O
Richmond	LOCATION
Road	O
Longterm	O
exposure	O
to	O
fumes	O
in	O
traffic	O
from	O
Delhi	LOCATION
to	O
GGN	LOCATION
affects	O
respiratoryheartneuralbrain	O
memory	O
functions”	O
massive	O
jam	O
at	O
Qutab	LOCATION
red	O
light	O
en	O
route	O
Gurgaon	LOCATION
Avoid	O
Traffic	O
at	O
Anand	LOCATION
Vihar	LOCATION
moving	O
very	O
slow	O
South	O
bound	O
traffic	O
on	O
WEH	O
before	O
Thakur	LOCATION
flyover	O
slowing	O
due	O
to	O
dumper	O
breakdown	O
Mumbai	LOCATION
laughingoutloud	O
5myths	O
about	O
traffic	O
in	O
Delhi	LOCATION
why	O
the	O
metro	O
or	O
new	O
roads	O
wont	O
solve	O
issues	O
of	O
bumper	O
to	O
bumper	O
jams	O
ThinkSafety	O
In	O
Delhi	LOCATION
And	O
Gurgaon	LOCATION
Traffic	O
Actually	O
I	O
should	O
be	O
asking	O
you	O
this	O
question	O
Where	O
are	O
you	O
these	O
days	O
Mr	O
Outstation	O
buses	O
creating	O
mess	O
on	O
weh	O
specifically	O
between	O
stops	O
at	O
Malad	LOCATION
Magathane	LOCATION
No	O
one	O
cares	O
about	O
Zebra	O
crossings	O
in	O
Mumbai	LOCATION
I	O
recorded	O
Smooth	O
traffic	O
on	O
nicehand	O
8	O
from	O
Delhi	LOCATION
towards	O
Gurgaon	LOCATION
and	O
viceversa	O
Participate	O
and	O
win	O
daily	O
vouchers	O
Report2win	O
Haryana	LOCATION
Traffic	O
Polices	O
Utter	O
Stupidity	O
Causes	O
Delhi	O
NCRs	O
Biggest	O
Ever	O
Traffic	O
Jam	O
Sunita	O
Tomar	O
the	O
face	O
of	O
Indias	O
anti	O
tobacco	O
campaign	O
succumbed	O
to	O
cancer	O
at	O
for	O
am	O
today	O
bigtobacco	O
TobaccoFreeWorld	O
WHY	O
DELHI	O
POLICE	O
OR	O
TRAFFIC	O
POLICE	O
SENDING	O
CHALLAN	O
TO	O
COURT	O
FOR	O
PRIVATE	O
VEHICLE	O
WHY	O
NOT	O
ATTENDING	O
CHALLAN	O
IN	O
POLICE	O
STATION	O
Bangalore	LOCATION
has	O
no	O
BRTsand	O
we	O
have	O
heavy	O
traffic	O
jams	O
allover	O
the	O
city	O
all	O
the	O
time	O
where	O
as	O
in	O
Puna	LOCATION
its	O
other	O
way	O
round	O
Mumbai	LOCATION
monsoon	O
is	O
the	O
best	O
even	O
if	O
InstantMessage	O
covered	O
in	O
rickshaw	O
splashed	O
mud	O
water	O
head	O
to	O
toe	O
or	O
traffic	O
jams	O
MumbaiTaughtMe	O
3rd	O
time	O
red	O
signal	O
at	O
Rao	LOCATION
Tula	LOCATION
Ram	LOCATION
ORR	LOCATION
crossing	O
Whats	O
wrong	O
with	O
traffic	O
planning	O
of	O
Delhi	O
Police”NO	O
1	O
CARES	O
duly	O
noted	O
Abhi	O
typingonehanded	O
lets	O
reply	O
to	O
the	O
Thomas	O
Cook	O
legal	O
notices	O
What	O
is	O
Modis	O
gift	O
to	O
Sri	O
LankaA	O
taste	O
of	O
New	O
Delhi	LOCATION
traffic	O
traffic	O
Colombo	O
lka	O
copied	O
With	O
rain	O
comes	O
wonderful	O
weather	O
lovely	O
greenery	O
blossoming	O
flowers	O
unimaginable	O
traffic	O
snarls	O
That	O
is	O
Bangalore	LOCATION
for	O
youBengaluru	O
a	O
giant	O
pothole	O
at	O
Dharavi	LOCATION
character	O
rasta	O
unattended	O
since	O
15days	O
please	O
forward	O
to	O
concerned	O
authority	O
imp	O
thing	O
in	O
Mumbai	LOCATION
is	O
to	O
have	O
good	O
roads	O
and	O
controlled	O
traffic	O
decades	O
after	O
independence	O
don't	O
we	O
deserve	O
at	O
least	O
that	O
ALERT	O
Heavy	O
traffic	O
at	O
Badarpur	LOCATION
on	O
Mathura	LOCATION
Road	O
due	O
to	O
ongoing	O
Yamuna	LOCATION
Rakshak	O	
Dal	O
Rally	O
again	O
SHIT	O
Viral	O
BMW	O
Ferrari	O
and	O
Lamborghini	O
stuck	O
in	O
Bangalore	LOCATION
traffic	O
behind	O
a	O
BMTC	O
bus	O
The	O
Indian	O
Express	O
Need	O
some	O
of	O
them	O
here	O
in	O
Delhi	LOCATION
+	O
This	O
will	O
be	O
the	O
world’s	O
first	O
flying	O
car	O
Bunched	O
up	O
holidays	O
making	O
it	O
a	O
long	O
weekend	O
has	O
eased	O
up	O
traffic	O
on	O
Mumbai	LOCATION
Only	O
if	O
authorities	O
use	O
the	O
lull	O
to	O
repair	O
roads	O
Rise	O
in	O
Air	O
Traffic	O
March	O
9	O
2015New	O
Delhi	LOCATION
The	O
air	O
traffic	O
in	O
terms	O
of	O
aircraft	O
movement	O
and	O
passenger	O
tra	O
Khar	O
Subway	O
is	O
where	O
dreams	O
go	O
to	O
die	O
today	O
Nothing	O
is	O
moving	O
Way	O
to	O
Rajiv	LOCATION
Chowk	LOCATION
is	O
blocked	O
Need	O
to	O
take	O
UTurn	O
from	O
Jaipur	LOCATION
highway	O
road	O
What	O
a	O
mess	O
Road	O
rage	O
Father	O
is	O
beaten	O
to	O
death	O
as	O
his	O
kids	O
watch	O
New	O
Delhi	LOCATION
A	O
spat	O
over	O
yielding	O
space	O
in	O
a	O
traffic	O
j	O
Delhis	O
berightthere	O
may	O
finally	O
be	O
scrapped	O
Commuters	O
who	O
have	O
been	O
spending	O
hours	O
stuck	O
in	O
traffic	O
jams	O
on	O
Delhi’s	O
f	O
Delhi	LOCATION
gets	O
first	O
woman	O
bus	O
driver	O
Shes	O
committed	O
to	O
traffic	O
ruleswomens	O
safety	O
More	O
Sarithas	O
needed	O
to	O
bring	O
discipline	O
to	O
Delhi	LOCATION
roads	O
Delhiwaalo	O
please	O
cross	O
the	O
roads	O
behind	O
the	O
buses	O
or	O
any	O
vehicle	O
you	O
are	O
not	O
visible	O
while	O
crossing	O
from	O
front	O
side	O
I	O
think	O
Ill	O
be	O
there	O
in	O
two	O
minutes	O
was	O
maybe	O
inspired	O
from	O
Mumbai	LOCATION
traffic	O
230	O
minuteMumbaiTraffic	O
MentalOrgasm	O
Car	O
crashed	O
on	O
freeway	O
after	O
hitting	O
the	O
wall	O
on	O
the	O
way	O
to	O
Chembur	O
Drive	O
carefully	O
people	O
CC	O
irony	O
of	O
life	O
fresh	O
MBAs	O
drive	O
their	O
own	O
800s	O
and	O
Altos	O
successful	O
ones	O
don't	O
drive	O
their	O
BMWs	O
and	O
Mercs	O
chauffers	O
Tomer	O
Thakur	O
yeah	O
Jat	O
urgent	O
attention	O
to	O
dug	O
up	O
roads	O
and	O
traffic	O
situation	O
in	O
Mumbai	LOCATION
save	O
Delhi	LOCATION
from	O
traffic	O
hazardsKejriwal	O
urged	O
childrento	O
insist	O
their	O
parents	O
for	O
maximum	O
use	O
of	O
public	O
transport	O
Beware	O
Delhi	LOCATION
Police	O
goes	O
digital	O
to	O
catch	O
traffic	O
offenders	O
India	O
News	O
ZippedNews	O
Traffic	O
and	O
Parking	O
Restriction	O
around	O
am	O
Chinnaswamy	LOCATION
Stadium	O
for	O
Todays	O
IPLT20	O
match	O
Info	O
for	O
Match	O
viewers	O
GATE	O
1	O
to	O
9	O
is	O
on	O
Queen’s	O
Road	O
GATE	O
12	O
to	O
17	O
is	O
on	O
Cubbon	LOCATION
Road	O
GATE	O
18	O
to	O
21	O
is	O
on	O
Link	LOCATION
Road	O
PARKING	O
ALLOWED	O
in	O
the	O
following	O
Places	O
ONLY	O
StopThat	O
Joseph	O
Indian	O
High	O
School	O
Ground	O
and	O
UB	LOCATION
City	O
Shivaji	LOCATION
Nagar	LOCATION
Bus	O
Stand	O
1st	O
floor	O
Parking	O
Place	O
KSCA	O
members	O
can	O
park	O
their	O
vehicle	O
in	O
StopThat	O
Mark	LOCATION
Cathedra	LOCATION
Chruch	O
Compound	O
and	O
Bowring	LOCATION
Institute	O
PARKING	O
RESTRICTION	O
imposed	O
around	O
the	O
stadium	O
till	O
1130	O
PM	O
on	O
the	O
below	O
mentioned	O
Places	O
Queen’s	LOCATION
Road	O
between	O
CTO	LOCATION
and	O
Queen’s	LOCATION
Circle	O
both	O
side	O
MG	LOCATION
Road	O
Anil	O
Kumble	O
Circle	O
to	O
Queen’s	LOCATION
Circle	O
both	O
side	O
Link	LOCATION
Road	O
from	O
MG	LOCATION
Road	O
to	O
Cubbon	LOCATION
Road	O
Raj	O
Bhavan	O
Road	O
TChowdaiah	LOCATION
Road	O
and	O
Race	O
Course	O
Road	O
Central	O
Street	O
both	O
sides	O
Cubbon	LOCATION
Road	O
from	O
BRV	LOCATION
Circle	O
to	O
Dickenson	LOCATION
Road	O
Junction	O
both	O
sides	O
of	O
the	O
road	O
Cubbon	LOCATION
Road	O
Kmaraj	LOCATION
Road	O
Jn	O
to	O
Dickenson	LOCATION
Road	O
Jn	O
Except	O
BMTC	O
Buses	O
rest	O
all	O
type	O
of	O
vehicles	O
parking	O
banned	O
near	O
StopThat	O
Marks	O
Road	O
from	O
SBI	O
Circle	O
to	O
Ashirvaadam	LOCATION
Circle	O
Museum	O
Road	O
from	O
MG	LOCATION
Road	O
to	O
StopThat	O
Marks	O
Road	O
and	O
Residency	O
Road	O
Kasturba	LOCATION
Road	O
from	O
Queen’s	LOCATION
Circle	O
to	O
Hudson	LOCATION
Circle	O
and	O
Malya	LOCATION
Road	O
from	O
Siddalingaiah	LOCATION
circle	O
to	O
RRMRjunction	LOCATION
Cubbon	LOCATION
Park	O
inside	O
King’s	LOCATION
Road	O
infront	O
Press	O
Club	O
and	O
Bala	LOCATION
Bhavan	LOCATION
Queen’s	LOCATION
Circle	O
to	O
Lavelle	LOCATION
road	O
Grant	LOCATION
junction	O
Delhi	LOCATION
Traffic	O
Police	O
is	O
now	O
trending	O
in	O
Mumbai	LOCATION
So	O
if	O
you	O
use	O
subway	O
for	O
your	O
own	O
safety	O
in	O
Delhi	LOCATION
may	O
actually	O
give	O
you	O
a	O
surprise	O
reward	O
Road	O
construction	O
machineleft	O
side	O
is	O
parked	O
at	O
the	O
flyover	O
just	O
before	O
the	O
toll	O
towards	O
Gurgaon	LOCATION
Report2Win	O
Mumbai	O
3G	O
service	O
like	O
Mumbai	LOCATION
traffic	O
its	O
too	O
slow	O
hehe	O
Repost	O
OF	O
BLACK	O
Mumbai	LOCATION
bandra	LOCATION
traffic	O
jam	O
transport	O
_soi	O
india…	O
novip	O
thrice	O
in	O
a	O
week	O
stuck	O
in	O
traffic	O
due	O
to	O
veryimportantperson	O
movements	O
in	O
Lucknow	LOCATION
its	O
worst	O
here	O
never	O
seen	O
so	O
much	O
in	O
Delhi	LOCATION
or	O
in	O
Bhubneswar	LOCATION
Who	O
can	O
I	O
sue	O
Good	O
roads	O
a	O
basic	O
right	O
Bombay	LOCATION
howcome	O
via	O
Newsinshorts	O
I	O
think	O
Ill	O
be	O
there	O
in	O
two	O
minutes	O
was	O
maybe	O
inspired	O
from	O
Mumbai	LOCATION
traffic	O
230	O
minuteMumbaiTraffic	O
Traffic	O
crowd	O
madness	O
hurry	O
and	O
chaos	O
mark	O
the	O
arrival	O
of	O
Mumbai	LOCATION
Amazing	O
city	O
full	O
of	O
life	O
Mumbai	O
Just	O
saw	O
the	O
Baingan	O
palli	O
and	O
other	O
gems	O
This	O
wasnt	O
shot	O
in	O
Hyderabad	LOCATION
and	O
all	O
Yaar	O
I	O
was	O
stuck	O
in	O
traffic	O
and	O
spotted	O
it	O
in	O
Bangalore	LOCATION
I	O
will	O
call	O
Bangalore	LOCATION
an	O
IT	O
GARDEN	O
SILICON	O
DEVELOPED	O
or	O
METRO	O
City	O
if	O
DrBSARoad	LOCATION
alsoknownas	O
TanneryRoad	LOCATION
is	O
traffic	O
and	O
Pothole	O
free	O
Authorities	O
close	O
Delhi-Jaipur	LOCATION
Highway	O
NH8	LOCATION
for	O
traffic	O
following	O
LPG	O
leakage	O
near	O
Bhiwadi	LOCATION
NEWS	O
FLASH	O
Traffic	O
Alert	O
Breakdown	O
DTC	O
bus	O
has	O
been	O
removed	O
from	O
the	O
carriageway	O
running	O
from	O
Kodiapul	LOCATION
towards	O
Shishganj	LOCATION
Gurudwara	LOCATION
LACK	O
of	O
medians	O
at	O
right	O
places	O
Sohna	LOCATION
road	O
forcing	O
pedestrians	O
cars	O
to	O
drive	O
on	O
wrongside	O
attention	O
please	O
My	O
article	O
on	O
Bangalore	LOCATION
traffic	O
Unbelievable	O
Traffic	O
jam	O
from	O
Soami	LOCATION
Ngr	O
to	O
Malai	LOCATION
Mandir	LOCATION
beyond	O
Metro	O
work	O
on	O
Monday	O
On	O
a	O
lighter	O
note	O
most	O
people	O
seem	O
to	O
have	O
already	O
fled	O
Mumbai	LOCATION	
for	O
the	O
long	O
weekend	O
Free	O
flowing	O
traffic	O
at	O
peak	O
hours	O
If	O
you	O
are	O
from	O
Mumbai	LOCATION
you	O
will	O
love	O
this	O
NEWS	O
Jerry	O
Seinfeld	O
cancelled	O
his	O
comedy	O
show	O
in	O
Mumbai	LOCATION
due	O
to	O
issues	O
related	O
to	O
traffic	O
parkingPeople	O
rollingonthefloorlaughing	O
Nice	O
Joke	O
Next	O
one	O
Surprisingly	O
smooth	O
traffic	O
today	O
Kandivali	LOCATION
lower	O
parel	O
60	O
minutes	O
Now	O
I	O
am	O
45	O
minutes	O
too	O
earlymumbai	O
you	O
should	O
see	O
Mumbai	LOCATION
traffic	O
More	O
Road	O
connection	O
with	O
Gurgoan	LOCATION
to	O
be	O
considered	O
to	O
reduce	O
jam	O
Vasant	LOCATION
Kunj	LOCATION
droppinglikeflies	O
3	O
link	O
not	O
started	O
yet	O
These	O
Satsangs	LOCATION
should	O
be	O
banned	O
traffic	O
traffucked	O
Delhi	O
Viral	O
BMW	O
Ferrari	O
and	O
Lamborghini	O
stuck	O
in	O
Bangalore	LOCATION
traffic	O
behind	O
a	O
BMTC	O
bus	O
The	O
Indian	O
Express	O
Road	O
users	O
do	O
not	O
have	O
regard	O
from	O
traffic	O
norms	O
B	O
S	O
Bassi	O
Delhi	O
Police	O
Commissioner	O
NTA9	O
In	O
New	O
Delhi	O
ecommerce	O
can	O
be	O
a	O
pain	O
in	O
the	O
back	O
for	O
Amazon	O
deliverymen	O
Delhi	LOCATION
howcome	O
takes	O
suo	O
motu	O
cognizance	O
of	O
traffic	O
cop039s	O
attack	O
on	O
woman	O
The	O
Delhi	LOCATION
High	O
Court	O
on	O
Tuesday	O
took	O
Galti	O
Delhi	O
Traffic	O
police	O
ki	O
haiwohi	O
jawaab	O
dnegeFb	O
page	O
pe	O
galat	O
info	O
di	O
unhone	O
kal	O
please	O
answer	O
An	O
Accident	O
at	O
Matunga	LOCATION
DrBARoad	LOCATION
on	O
Tule	LOCATION
Phule	LOCATION
Flyover	O
traffic	O
towards	O
Dadar	LOCATION
TT	O
is	O
affected	O
Mumbai	LOCATION
Mawana	LOCATION
Meerut	LOCATION
Mumbai	LOCATION
to	O
get	O
a	O
firstofitskind	O
green	O
crematorium	O
TRAFFIC	O
ADVISORY	O
Traffic	O
is	O
moving	O
in	O
single	O
carriageway	O
from	O
RedFort	LOCATION
to	O
Fateh	LOCATION
Puri	LOCATION
Chandni	LOCATION
Chowk	LOCATION
Inconvenience	O
regretted	O
password	O
GNCT	O
of	O
Delhi	LOCATION
In	O
the	O
maddening	O
Mumbai	LOCATION
traffic	O
ambulances	O
lose	O
out	O
on	O
precious	O
time	O
trying	O
to	O
get	O
patients	O
to	O
hospitals	O
Why	O
cant	O
we	O
have	O
strict	O
implementation	O
of	O
traffic	O
laws	O
in	O
Mumbai	LOCATION
like	O
in	O
countries	O
abroad	O
Kherwadi	LOCATION
flyover	O
opening	O
on	O
Sunday	O
bottlenecks	O
remain	O
at	O
Aarey	O
Kandivli	LOCATION
EndVVIPRaj	O
Traffic	O
stopped	O
at	O
Raj	LOCATION
Bhavan	LOCATION
Not	O
sure	O
whos	O
coming	O
there	O
Mono	O
rail	O
derailed	O
at	O
Bhakti	LOCATION
park	O
Mumbai	LOCATION
Good	O
Samaritan	O
do	O
exist	O
It	O
was	O
raining	O
Rs	O
500	O
notes	O
on	O
a	O
busy	O
road	O
in	O
Whitefield	LOCATION
Bangalore	LOCATION
Mirror	O
Dear	O
James	O
we	O
are	O
an	O
offshore	O
traffic	O
data	O
analysis	O
company	O
based	O
in	O
bangalore	O
India	O
parentlooking	O
share	O
your	O
email	O
id	O
Thanks	O
QA_Testing	O
Engineer	O
–	O
Traffic	O
Management	O
in	O
Mumbai	LOCATION
Maharashtra	LOCATION
Big	O
jams	O
at	O
South	O
West	O
Palam	LOCATION
Railway	O
crossing	O
Can	O
you	O
please	O
help	O
Townies	O
drive	O
like	O
traffic	O
rules	O
are	O
actually	O
a	O
thing	O
Mumbai	LOCATION
if	O
I	O
walk	O
Ill	O
reach	O
faster	O
Dwarka	LOCATION
flyover	O
always	O
in	O
a	O
mess	O
Delhi	LOCATION
callme	O
praises	O
courage	O
of	O
woman	O
attacked	O
by	O
traffic	O
copNew	O
Delhi	LOCATION
May	O
12	O
UNI	O
Delhi	LOCATION
Chief	O
Minister	O
Arvind	O
Who	O
said	O
there	O
is	O
no	O
traffic	O
S	O
V	O
Road	O
Jogeshwari	O
northbound	O
ohh	O
Kal	O
Good	O
Friday	O
bhi	O
hello	O
yippee	O
Too	O
much	O
traffic	O
near	O
Kurla	O
entering	O
to	O
bkc	O
IMPACT	O
Respite	O
from	O
dug	O
up	O
Mumbai	LOCATION
city	O
before	O
monsoon	O
dugupmumbai	O
Your	O
chance	O
to	O
watch	O
T20	O
in	O
Feroz	LOCATION
Shah	LOCATION
Kotla	LOCATION
Stadium	O
Download	O
Ridlr	O
application	O
look	O
at	O
the	O
Delhi	O
metro	O
we	O
built	O
just	O
1	O
line	O
in	O
8	O
years	O
Trains	O
still	O
using	O
what	O
the	O
British	O
built	O
Massive	O
Jam	O
at	O
Surajkund	LOCATION
Road	O
from	O
shooting	O
range	O
and	O
entire	O
stretch	O
from	O
Tuglakabad	LOCATION
to	O
Badarpur	LOCATION
is	O
jam	O
Hows	O
the	O
traffic	O
in	O
Bangalore	LOCATION
now	O
save	O
Delhi	LOCATION
from	O
traffic	O
hazardsKejriwal	O
urged	O
childrento	O
insist	O
their	O
parents	O
for	O
maximum	O
use	O
of	O
public	O
transport	O
ohk	O
Mumbai	LOCATION
se	O
bhi	O
jyada	O
traffic	O
the	O
Delhi	O
traffic	O
cops	O
use	O
green	O
corridor	O
to	O
deliver	O
liver	O
save	O
life	O
Green	O
corridor	O
is	O
a	O
special	O
route	O
for	O
tra	O
please	O
retweet	O
carpool	O
available	O
Kharghar	LOCATION
to	O
BKC	LOCATION
MonFri	O
Going	O
745	O
AM	O
Departing	O
8	O
PM	O
One	O
or	O
both	O
sides	O
can	O
be	O
worked	O
Really	O
enjoyed	O
the	O
ridetweets	O
PM	O
after	O
his	O
first	O
trip	O
in	O
the	O
Delhi	LOCATION
MetIhad	O
to	O
meet	O
a	O
doctor	O
T	O
traffic	O
was	O
at	O
a	O
halt	O
for	O
20mins	O
DCantt	LOCATION
Slow	O
traffic	O
at	O
Andheri	LOCATION
subway	O
east	O
to	O
west	O
due	O
to	O
BMC	O
drainage	O
work	O
Mumbai	LOCATION
Check	O
live	O
MumbaiTraffic	O
at	O
Mumbai	LOCATION
Traffic	O
Issue	O
21st	O
May 2015	O
Slow	O
moving	O
traffic	O
on	O
Outer	O
Ring	O
Roadfrom	O
Bellandur	LOCATION
towards	O
Kadubeesanahalli	LOCATION
BengaluruCheck	O
at	O
Indilens	O
focus	O
howcome	O
asks	O
Maharashtra	LOCATION
for	O
its	O
plan	O
to	O
spend	O
US	LOCATION
fund	O
on	O
Mumbai	LOCATION
traffic	O
The	O
typical	O
evening	O
fast	O
city	O
traffic	O
on	O
the	O
Eastern	O
Express	O
Highway	O
in	O
Mumbai	LOCATION
India	LOCATION
One…	O
Unless	O
we	O
have	O
confident	O
mass	O
transport	O
for	O
Delhi	LOCATION
there	O
is	O
no	O
solution	O
for	O
traffic	O
CK2015	O
indeed	O
bytheway	O
Bangalore	LOCATION
was	O
originally	O
designed	O
as	O
a	O
walking	O
city	O
It	O
was	O
never	O
meant	O
to	O
handle	O
this	O
traffic	O
Which	O
is	O
the	O
best	O
place	O
to	O
have	O
breakfast	O
in	O
Bangalore	LOCATION
Silk	O
Board	O
Signal	O
Traffic	O
Jam	O
Good	O
Weather	O
comes	O
with	O
its	O
own	O
set	O
of	O
cons	O
Traffic	O
mosquitoes	O
and	O
weirdo	O
auto	O
drivers	O
top	O
the	O
list	O
Bangalore	LOCATION
Air	O
passenger	O
traffic	O
up	O
12	O
percent	O
during	O
AprilJanuary	O
2015	O
New Delhi	LOCATION
The	O
government	O
said	O
on	O
Monday	O
that…	O
Gyan	O
to	O
all	O
my	O
fellow	O
Delhiets	O
try	O
leave	O
early	O
for	O
work	O
at	O
least	O
one	O
side	O
you	O
can	O
avoid	O
traffic	O
Evenings	O
we	O
have	O
no	O
option	O
Delhi	LOCATION
roadrage	O
death	O
Massive	O
jams	O
choke	O
traffic	O
A	O
massive	O
traffic	O
jam	O
choked	O
parts	O
of	O
central	O
Delhi	LOCATION
on	O
Mond	O
There	O
are	O
3	O
junk	O
cars	O
without	O
number	O
plates	O
parked	O
on	O
footpath	O
and	O
service	O
road	O
at	O
East	O
Krishna	LOCATION
Nagar	LOCATION
near	O
metro	O
Piller	O
No88	O
Paulo	O
Coelhos	O
response	O
to	O
a	O
kid	O
selling	O
pirated	O
copies	O
of	O
his	O
book	O
at	O
a	O
traffic	O
signal	O
in	O
Delhi	O
500px	O
Delhis	O
mighty	O
traffic	O
Stuck	O
in	O
Traffic	O
huhhh	O
Felling	O
Mumbai	LOCATION
Traffic	O
is	O
now	O
almost	O
like	O
Bengaluru	LOCATION
traffic	O
Queues	O
growing	O
longer	O
at	O
Airoli	LOCATION
toll	O
both	O
sides	O
How	O
about	O
RPFGRP	O
dissuading	O
commuters	O
from	O
climbing	O
on	O
rooftops	O
Mumba	LOCATION
Kalwa	LOCATION
MumbaiNeed	O
Ove	O
Blood	O
for	O
Cancer	O
fighterAt	O
Bombay	LOCATION
hospitalCall	O
9819633650	O
it	O
is	O
applicable	O
for	O
all	O
India	LOCATION
kejriwal	O
did	O
not	O
go	O
to	O
bhagat	O
singh	O
smarak	O
yesterday	O
because	O
he	O
was	O
busy	O
in	O
solving	O
traffic	O
problem	O
in	O
Delhi	LOCATION
DELHI	LOCATION
TRAFFIC	O
POLICE	O
TRAFFIC	O
ADVISORY	O
IPL	O
T20	O
CRICKET	O
MATCH	O
AT	O
FEROZESHAH	LOCATION
KOTLA	LOCATION
GROUND	O
ON	O
23	O
04 2015	O
Crawling	O
jam	O
from	O
Bandra	LOCATION
to	O
Scruz	LOCATION
on	O
WEH	O
Traffic	O
advisory	O
for	O
Rahul	O
Gandhis	O
Kisan	O
rally	O
in	O
Delhi	LOCATION
Rahul	O
Gandhi	O
will	O
lead	O
Congresss	O
Kisan	O
rally	O
agains	O
A	O
truck	O
No	O
RJ05	O
goahead	O
5929	O
has	O
broken	O
down	O
on	O
Shahdara	LOCATION
Flyover	O
in	O
the	O
carriage	O
way	O
from	O
ISBT	LOCATION
towards	O
Shahdara	LOCATION
causing	O
congestion	O
Report2Win	O
huge	O
Jam	O
at	O
Kalindi	LOCATION
Kunj	LOCATION
One	O
truck	O
stopped	O
due	O
to	O
some	O
issue	O
SuperCarNews	O
Viral	O
BMW	O
Ferrari	O
and	O
Lamborghini	O
stuck	O
in	O
Bangalore	LOCATION
traffic	O
behind	O
a	O
BMTC	O
bus	O
In	O
Bangalore	LOCATION
Delhi	LOCATION
traffic	O
—	O
feeling	O
irritated	O
at	O
Kalka	LOCATION
Mandir	LOCATION
Delhi	LOCATION
Traffic	O
Alert	O
One	O
side	O
carriage	O
way	O
of	O
Moti	LOCATION
Bagh	LOCATION
flyover	O
from	O
Moti	LOCATION
Bagh	LOCATION
towards	O
Dhaula	LOCATION
Kuan	LOCATION
has	O
been	O
closed	O
due	O
to	O
repair	O
work	O
of	O
Moti	O
Bagh	O
flyover	O
Inconvenience	O
regretted	O
Anyone	O
knows	O
why	O
the	O
Faridabad	LOCATION
Badarpur	LOCATION
expressway	O
is	O
closed	O
to	O
traffic	O
Oh	O
the	O
Mumbai	O
traffic	O
ATUI	O
SuperwomanAtYTFF	O
SuperwomanInMumbai	O
Terrible	O
traffic	O
at	O
Dadar	O
Parel	O
Saw	O
a	O
policeman	O
chasing	O
an	O
auto	O
in	O
an	O
auto	O
bcz	O
he	O
violated	O
traffic	O
rule	O
Kudos	O
to	O
Navi	LOCATION
Mumbai	LOCATION
administration	O
Smooth	O
running	O
traffic	O
on	O
SewriChembur	LOCATION
road	O
towards	O
Bhakti	LOCATION
Park	O
monorailCheck	O
updates	O
at	O
traffic	O
from	O
KR	LOCATION
Puram	LOCATION
to	O
Marathahalli	LOCATION
very	O
slow	O
near	O
Marathahalli	LOCATION
underpass	O
on	O
ORR	O
Decorated	O
taxis	O
And	O
total	O
deadlock	O
traffic	O
Mumbai	LOCATION
namjan	O
Mad	O
traffic	O
scene	O
near	O
Bandra	LOCATION
mosque	O
screenshot	O
holding	O
some	O
taxi	O
union	O
rally	O
Avoid	O
at	O
any	O
cost	O
Heavy	O
traffic	O
in	O
Bavdhan	LOCATION
on	O
Mumbai	LOCATION
Pune	LOCATION
Bypass	O
RdCheck	O
at	O
GurgaonTollGate	LOCATION
like	O
mess	O
tdy	O
at	O
DoNotDisturb	O
while	O
going	O
twds	O
Noida	LOCATION
Take	O
the	O
Mayur	LOCATION
Vihar	LOCATION
cut	O
if	O
possible	O
Major	O
jam	O
at	O
Tughlakabad	LOCATION
fort	O
Shooting	O
range	O
turn	O
Is	O
it	O
safe	O
to	O
drive	O
to	O
Mangalore	LOCATION
from	O
Yelahanka	LOCATION
Corrupt	O
Police	O
Thanas	O
in	O
Delhi	LOCATION
Kamla	LOCATION
Market	LOCATION
Burari	LOCATION
MajnuTila	LOCATION
Krishna	LOCATION
Nagar	LOCATION	
ChandniChwk	LOCATION
and	O
list	O
goes	O
on	O
sure	O
no	O
fear	O
of	O
breaking	O
traffic	O
laws	O
in	O
Mumbai	LOCATION
Need	O
to	O
create	O
fears	O
use	O
camera	O
impound	O
licence	O
jail	O
and	O
use	O
media	O
stuck	O
for	O
40	O
minute	O
on	O
ReadtheRules	O
to	O
Moti	LOCATION
Bagh	LOCATION
section	O
YaY	O
it	O
stopped	O
raining	O
in	O
Bangalore	LOCATION
the	O
traffic	O
is	O
back	O
to	O
normal	O
congested	O
crazy	O
Imagine	O
how	O
hard	O
is	O
it	O
Traffic	O
Jam	O
from	O
Byculla	LOCATION
to	O
Mumbai	LOCATION
CST	LOCATION
Left	O
Front	O
BHARIP	O
huge	O
Morcha	O
Marching	O
towards	O
Azad	LOCATION
Maidan	LOCATION
Road	O
BlockMajor	O
Andheri	LOCATION
Station	O
to	O
Versova	LOCATION
My	O
Rickshaw	O
guy	O
is	O
fast	O
and	O
furious	O
Massive	O
Traffic	O
Jam	O
on	O
Delhi-Gurgaon	LOCATION
Expressway	O
Commuters	O
on	O
the	O
DelhiGurgaon	LOCATION
expressway	O
faced	O
a	O
massive	O
tra	O
Having	O
a	O
Traffic	O
Jam	O
day	O
Cant	O
help	O
but	O
wonder	O
what	O
Delhi	O
Traffic	O
would	O
look	O
like	O
in	O
5	O
years	O
from	O
now	O
Whoever	O
thinks	O
Mumbai	O
has	O
horrible	O
traffic	O
please	O
visit	O
Bangalore	LOCATION
santacruz	LOCATION
Milan	O
service	O
road	O
is	O
partly	O
blocked	O
due	O
to	O
road	O
work	O
Prefer	O
over	O
bridge	O
Mahalaxmi	LOCATION
Stn	O
flyover	O
coming	O
from	O
Haji	LOCATION
Ali	LOCATION
crossing	O
choco	O
block	O
traffic	O
at	O
this	O
hour	O
on	O
a	O
weekend	O
Whats	O
happening	O
Mumbai	O
Follow	O
this	O
by	O
Yoonji	O
Kang	O
ohk	O
because	O
there	O
was	O
a	O
menace	O
at	O
Gurgaon	LOCATION
Toll	O
too	O
causing	O
traffic	O
jam	O
right	O
from	O
Mahipalpur	LOCATION
flyover	O
Illegal	O
parking	O
stopping	O
at	O
wrong	O
places	O
like	O
intersactions	O
narrow	O
busy	O
road	O
be	O
taken	O
care	O
Don'tTypePlease	O
at	O
NEW	O
KONDLI	LOCATION
Area	O
helipad	O
Maybe	O
Whats	O
the	O
procedure	O
to	O
flythrough	O
Mumbais	O
traffic	O
Iwant	O
to	O
be	O
there	O
forMIvsRCB	O
í ½í¸­	O
There	O
is	O
no	O
holiday	O
for	O
traffic	O
in	O
Bangalore	LOCATION
Peak	O
hour	O
traffic	O
near	O
Richmond	LOCATION
circle	O
in	O
front	O
of	O
Bishop	LOCATION
Cotten	LOCATION
school	O
Protesters	O
halt	O
central	O
Delhi	LOCATION
traffic	O
after	O
road	O
rage	O
murder	O
The	O
Times	O
Of	O
India	O
Share	O
With	O
Friends	O
Koi	O
bata	O
to	O
do	O
traffic	O
kum	O
huya	O
ki	O
nehi	O
Bangalore	LOCATION
Any	O
updates	O
on	O
whether	O
the	O
traffic	O
on	O
NH8	LOCATION
has	O
cleared	O
up	O
Leaving	O
for	O
Rohini	LOCATION
from	O
Gurgaon	LOCATION
in	O
15	O
minutes	O
Jerry	O
Seinfeld	O
not	O
coming	O
to	O
Mumbai	O
organisers	O
blame	O
the	O
traffic	O
cops	O
Firstpost	O
Mumbai	LOCATION
hashmumbai	O
Shameful	O
Jerry	O
Seinfelds	O
Mumbai	O
shows	O
cancelled	O
due	O
to	O
traffic	O
permission	O
issues	O
The	O
Economic	O
Times	O
whatthef**k	O
outside	O
Delhi	LOCATION
drivers	O
NCR	LOCATION
baap	O
Kicka**	O
maal	O
h	O
Traffic	O
violators	O
from	O
outside	O
Delhi	LOCATION
to	O
face	O
action	O
whysthis	O
happening	O
in	O
mumbai	LOCATION
Omgand	O
police	O
itsismess	O
yes	O
on	O
AIIMS	LOCATION
flyover	O
towards	O
Noida	LOCATION
However	O
this	O
was	O
taken	O
too	O
days	O
back	O
Viral	O
Facebook	O
post	O
gets	O
Mumbai	LOCATION
traffic	O
constable	O
suspended	O
for	O
demanding	O
bribe	O
Indi	O
Stuck	O
at	O
Silk	O
Board	O
signal	O
It	O
is	O
2311	O
Bangalore	LOCATION
traffic	O
in	O
beyond	O
screwed	O
oh	O
no	O
saw	O
your	O
tweet	O
too	O
late	O
Am	O
in	O
the	O
crazy	O
jam	O
How	O
many	O
minutes	O
to	O
clear	O
Am	O
heading	O
towards	O
Delhi	O
FashionWithoutHair	O
is	O
like	O
Mumbai	O
without	O
pollution	O
and	O
traffic	O
Can	O
someone	O
tell	O
me	O
why	O
Mumbai	LOCATION
traffic	O
is	O
34X	O
of	O
normal	O
for	O
last	O
23	O
days	O
The	O
whole	O
of	O
Delhi	LOCATION
doesnt	O
High	O
traffic	O
at	O
Juhu	LOCATION
Mumbai	LOCATION
annoyed	O
Joy	O
short	O
lived	O
TulsiPipe	LOCATION
road	O
from	O
Indiabulls	LOCATION
all	O
the	O
way	O
to	O
end	O
of	O
dadar	LOCATION
flyover	O
at	O
a	O
standstill	O
Traffic	O
Alert	O
Traffic	O
will	O
remains	O
heavy	O
on	O
Yaswant	LOCATION
Place	O
Niti	LOCATION
Marg	LOCATION
due	O
to	O
Food	O
Fest	O
programme	O
is	O
running	O
in	O
Nehru	LOCATION
Park	O
kindly	O
avoid	O
the	O
stretch	O
Inconvenience	O
regretted	O
Slow	O
moving	O
traffic	O
on	O
Outer	O
Ring	O
Roadfrom	O
Bellandur	LOCATION
towards	O
Kadubeesanahalli	LOCATION
BengaluruCheck	O
at	O
Anyone	O
knows	O
when	O
to	O
expect	O
the	O
inevitable	O
traffic	O
jam	O
today	O
on	O
the	O
way	O
to	O
Bangalore	LOCATION
airport	O
given	O
Modis	O
visit	O
and	O
BJP	O
rally	O
Viral	O
BMW	O
Ferrari	O
and	O
Lamborghini	O
stuck	O
in	O
Bangalore	O
traffic	O
behind	O
a	O
BMTC	O
bus	O
Delhi	LOCATION
Traffic	O
Police	O
dtptraffic	O
is	O
now	O
trending	O
in	O
Mumbai	LOCATION
Check	O
to	O
know	O
why	O
Hahahahahahaha	O
Beautiful	O
Weather	O
and	O
Traffic	O
is	O
Bangalores	O
USP	O
Faridabad	LOCATION
Badarpur	LOCATION
expressway	O
closed	O
to	O
traffic	O
All	O
vehicles	O
using	O
roads	O
at	O
grade	O
traffic	O
slow	O
but	O
moving	O
Viral	O
Facebook	O
post	O
gets	O
Mumbai	O
traffic	O
constable	O
suspended	O
for	O
demanding	O
bribe	O
via	O
WorldHealthDay	O
Bangalore	LOCATION
traffic	O
is	O
like	O
snow	O
in	O
green	O
land	O
never	O
ending	O
Sick	O
of	O
Mumbai	LOCATION
traffic	O
High	O
time	O
for	O
Police	O
and	O
government	O
authorities	O
to	O
take	O
some	O
action	O
for	O
infrastructure	O
development	O
shows	O
in	O
Mumbai	O
cancelled	O
due	O
to	O
traffic	O
issues	O
according	O
to	O
organisers	O
3NovicesNational	O
Green	O
Tribunal	O
Ban	O
Over	O
250	O
DieselRun	O
Vehicles	O
Impounded	O
in	O
Delhi	LOCATION
Delhi	LOCATION
Traffic	O
Police	O
yesterd…	O
too	O
traffic	O
cops	O
assaulted	O
by	O
auto	O
drivers	O
in	O
Delhi	LOCATION
National	O
Green	O
Tribunal	O
Ban	O
Over	O
250	O
DieselRun	O
Vehicles	O
Impounded	O
in	O
Delhi	LOCATION
Delhi	LOCATION
Traffic	O
Police	O
yesterday	O
i	O
Delhis	O
berightthere	O
may	O
finally	O
be	O
scrapped	O
Commuters	O
who	O
have	O
been	O
spending	O
hours	O
stuck	O
in	O
traffic	O
jams	O
on	O
Delhi’s	O
f	O
Heavy	O
rains	O
lash	O
Delhi	LOCATION
traffic	O
jams galore	O
Bingo	O
Yes	O
picture	O
is	O
from	O
Viviana	LOCATION
but	O
I	O
stay	O
at	O
Dombovali	LOCATION
Weekends	O
are	O
mostly	O
in	O
Thane	LOCATION
Tata	O
to	O
head	O
Railways’	O
Kaya	O
Kalp	O
council	O
T3	O
is	O
the	O
new	O
railway	O
station	O
in	O
Delhi	LOCATION
traffic	O
GMR	O
MumbaiTaughtMe	O
Delhi	O
Okkanmani	O
album	O
has	O
repeated	O
itself	O
thrice	O
ihave	O
had	O
threptin	O
biscuits	O
to	O
eat	O
tomato	O
juice	O
to	O
drink	O
but	O
InstantMessage	O
still	O
stuck	O
in	O
Mumbai	LOCATION
traffic	O
Due	O
to	O
a	O
procession	O
AVOID	O
justcurious	O
road	O
surrounding	O
Townhall	O
junction	O
Corporation	O
circle	O
Hudson	LOCATION
circle	O
KG	LOCATION
road	O
Mysore	O
Bank	O
circle	O
Sheshadri	LOCATION
road	O
Palace	O
road	O
Maharani	O
college	O
junction	O
KR	LOCATION
circle	O
Please	O
use	O
alternate	O
routes	O
come	O
to	O
Mumbai	LOCATION
you	O
will	O
understand	O
what	O
traffic	O
is	O
actually	O
Listening	O
to	O
the	O
radio	O
in	O
Mumbai	LOCATION
always	O
playing	O
some	O
nice	O
songs	O
to	O
beat	O
the	O
dirty	O
traffic	O
Over	O
30	O
creative	O
minds	O
stuck	O
in	O
Mumbai	LOCATION
traffic	O
I	O
can	O
see	O
s	O
eyes	O
on	O
the	O
screen	O
in	O
the	O
picture	O
theyve	O
used	O
AT2UI	O
YTFF	O
I	O
just	O
watched	O
a	O
man	O
eat	O
granola	O
in	O
central	O
Italy	O
I	O
was	O
in	O
a	O
traffic	O
jam	O
in	O
Bangalore	LOCATION
listening	O
to	O
the	O
Spice	O
Girls	O
and	O
I	O
was	O
riveted	O
National	O
Green	O
Tribunal	O
Ban	O
Over	O
250	O
DieselRun	O
Vehicles	O
Impounded	O
in	O
Delhi	LOCATION
Delhi	LOCATION
Traffic	O
Police	O
yesterday	O
i	O
at	O
Gurgaon	LOCATION
toll	O
STANDING	O
traffic	O
since	O
20	O
minutes	O
the	O
infamous	O
Vinayak	O
travels	O
buses	O
parked	O
horribly	O
on	O
both	O
sides	O
of	O
Tulsi	O
pipe	O
cause	O
for	O
chaos	O
heavy	O
traffic	O
form	O
Maharana	LOCATION
Pratap	LOCATION
Chowk	LOCATION
Sector	O
17	O
towards	O
Signature	LOCATION
Tower	O
red	O
light	O
road	O
parallel	O
to	O
MDI	O
Avoid	O
this	O
route	O
Slow	O
moving	O
traffic	O
on	O
ORR	O
from	O
Hebbala	LOCATION
towards	O
Manyata	LOCATION
Tech	O
Park	O
5	O
marks	O
goes	O
to	O
Gandhinagar	LOCATION
for	O
being	O
chaos	O
free	O
CandidPhotography	O
Lumia	O
Friday	O
Civic	O
body	O
turns	O
a	O
blind	O
eye	O
to	O
traffic	O
chaos	O
in	O
Santacruz	LOCATION
East	O
via	O
When	O
you	O
can	O
have	O
property	O
advstmnt	O
on	O
Mumbai	LOCATION
local	O
trainwhy	O
not	O
radio	O
service	O
Viral	O
BMW	O
Ferrari	O
and	O
Lamborghini	O
stuck	O
in	O
Bangalore	LOCATION
traffic	O
behind	O
a	O
BMTC	O
bus	O
I	O
do	O
not	O
know	O
last	O
34days	O
Powai	LOCATION
to	O
lower	O
Parel	O
Minmum	O
driving	O
time	O
too	O
hours	O
Dadar	LOCATION
east	O
west	O
sion	O
east	O
Jam	O
Hows	O
the	O
traffic	O
going	O
to	O
Ghatkopar	LOCATION
via	O
EEH	O
jam	O
at	O
80ft	O
road	O
Koramangala	LOCATION
Near	O
maharaja	O
restaurant	O
patience	O
is	O
the	O
key	O
in	O
Delhi	LOCATION
laughingoutloud	O
Bangalore	LOCATION
Traffic	O
IPL	O
TRAFFIC	O
ADVISORY	O
In	O
the	O
peak	O
hours	O
Traffic	O
will	O
remain	O
heavy	O
in	O
the	O
carriageway	O
from	O
Naraina	LOCATION
towards	O
Rajouri	LOCATION
Garden	O
because	O
DMRC	O
work	O
is	O
going	O
on	O
Ring	O
Road	O
before	O
Mayapuri	LOCATION
Flyover	O
and	O
the	O
road	O
has	O
been	O
narrowed	O
through	O
barricading	O
Inconvenience	O
regretted	O
DTN	O
Kerala	LOCATION
Comedian	O
Jerry	O
Seinfeld’s	O
Mumbai	LOCATION
shows	O
cancelled	O
Traffic	O
and	O
parking	O
issues	O
put	O
paid	O
to	O
the	O
60ye	O
Does	O
honking	O
at	O
the	O
traffic	O
signal	O
makes	O
the	O
light	O
turn	O
from	O
red	O
to	O
green	O
Mumbai	LOCATION
AppForAnything	O
q1	O
an	O
application	O
that	O
can	O
actually	O
solve	O
Mumbai	O
traffic	O
Mumbai	LOCATION
chemburchapters	O
guys	O
please	O
be	O
aware	O
…	O
MumbaiInsider	O
Coordinating	O
worldwide	O
live	O
broadcast	O
via	O
BBC	O
Mumbai	LOCATION
studio	O
Navigating	O
the	O
traffic	O
was	O
tough	O
Autowallas	O
of	O
the	O
world	O
20	O
rs	O
extra	O
because	O
its	O
too	O
farAutowallas	O
of	O
Bangalore	LOCATION
rs	O
extra	O
because	O
theres	O
too	O
much	O
trafficDuuh	O
Gujjar	O
reservation	O
agitation	O
in	O
Rajasthan	LOCATION
Delhi-Mumbai	LOCATION
rail	O
traffic	O
disrupted	O
via	O
TRAFFIC	O
ADVISORY	O
IPL	O
T20	O
CRICKET	O
MATCH	O
AT	O
FEROZESHAH	LOCATION
KOTLA	LOCATION
GROUND	O
ON	O
23	O
04	O
2015	O
IPL	O
T20	O
cricket	O
match	O
between	O
Delhi	O
Daredevils	O
and	O
Mumbai	O
Indians	O
will	O
be	O
played	O
at	O
Ferozeshah	LOCATION
Kotla	LOCATION
Ground	O
on	O
23rd	O
April	O
2015	O
from	O
700	O
pm	O
to	O
1130	O
PM	O
Delhi	LOCATION
Traffic	O
Police	O
has	O
made	O
elaborate	O
traffic	O
arrangements	O
for	O
parking	O
of	O
vehicles	O
traffic	O
circulation	O
pedestrians’	O
movement	O
and	O
safety	O
of	O
the	O
visitors	O
in	O
and	O
around	O
the	O
Stadium	O
PARKING	O
There	O
is	O
very	O
limited	O
parking	O
for	O
labeled	O
vehicles	O
in	O
the	O
proximity	O
of	O
the	O
Stadium	O
There	O
is	O
no	O
parking	O
for	O
general	O
vehicles	O
in	O
the	O
proximity	O
of	O
the	O
Stadium	O
No	O
vehicle	O
shall	O
be	O
allowed	O
to	O
be	O
parked	O
on	O
Bahadurshah	LOCATION
Zafar	LOCATION
Marg	LOCATION
and	O
Jawaharlal	LOCATION
Nehru	LOCATION
Marg	LOCATION
both	O
the	O
carriageways	O
on	O
the	O
match	O
day	O
Vehicles	O
parked	O
on	O
these	O
roads	O
shall	O
be	O
towed	O
away	O
and	O
action	O
will	O
be	O
taken	O
as	O
per	O
law	O
PARK	O
RIDE	O
FACILITY	O
For	O
spectators	O
‘park	O
and	O
ride’	O
facility	O
has	O
been	O
created	O
at	O
following	O
places	O
1	O
Mata	LOCATION
Sundari	LOCATION
Parking	O
too	O
Shanti	LOCATION
Van	LOCATION
Parking	O
All	O
the	O
spectators	O
coming	O
in	O
their	O
vehicles	O
shall	O
reach	O
these	O
‘Park	O
Ride’	O
sites	O
and	O
avail	O
either	O
“Park	O
Ride”	O
facility	O
or	O
walk	O
down	O
to	O
the	O
stadium	O
After	O
the	O
conclusion	O
of	O
match	O
spectators	O
are	O
advised	O
to	O
reach	O
‘Park	O
and	O
Ride’	O
locations	O
through	O
shuttle	O
service	O
or	O
on	O
foot	O
Car	O
parking	O
label	O
holders	O
are	O
advised	O
to	O
take	O
Ring	O
Road	O
JLN	LOCATION
Marg	LOCATION
Asaf	O
Ali	O
Road	O
or	O
Bahadurshah	LOCATION
Zafar	LOCATION
Marg	LOCATION
‘U’	O
turn	O
at	O
Delhi	LOCATION
Gate	O
is	O
allowed	O
Entry	O
to	O
parking	O
lots	O
P1	O
P1A	O
P3	O
P4	O
shall	O
be	O
from	O
Bahadurshah	LOCATION
Zafar	LOCATION
Marg	LOCATION
only	O
DTC	O
and	O
DDCA	O
will	O
run	O
special	O
ferry	O
service	O
from	O
Pragati	LOCATION
Maidan	LOCATION
internetprotocol	O
Extn	O
Metro	O
Stations	O
New	O
Delhi	LOCATION
Metro	O
Stations	O
to	O
facilitate	O
spectators	O
ACCESS	O
TO	O
THE	O
STADIUM	O
I	O
Gate	O
Nos	O
123456	O
and	O
7	O
are	O
located	O
on	O
the	O
Southern	O
Side	O
of	O
the	O
Stadium	O
and	O
entry	O
to	O
these	O
enclosures	O
are	O
from	O
Bahardurshah	LOCATION
Zafar	LOCATION
Marg	LOCATION
II	O
Gate	O
Nos	O
891011121314	O
and	O
15	O
are	O
located	O
on	O
the	O
Eastern	O
side	O
of	O
the	O
stadium	O
on	O
the	O
road	O
and	O
entry	O
is	O
from	O
JLN	LOCATION
Marg	LOCATION
next	O
to	O
Ambedkar	LOCATION
Stadium	LOCATION
Bus	O
Terminal	O
III	O
Gate	O
Nos	O
16	O
17	O
and	O
18	O
are	O
located	O
on	O
the	O
Western	O
side	O
of	O
the	O
stadium	O
and	O
entry	O
is	O
from	O
BSZ	LOCATION
Marg	LOCATION
next	O
to	O
Petrol	O
Pump	O
DIVERSIONRESTRICTION	O
ADVISE	O
There	O
will	O
be	O
diversion	O
of	O
traffic	O
for	O
half	O
an	O
hour	O
after	O
conclusion	O
of	O
the	O
match	O
No	O
traffic	O
shall	O
be	O
allowed	O
on	O
Bahadurshah	LOCATION
Zafar	LOCATION
Marg	LOCATION
Delhi	LOCATION
Gate	O
to	O
JLN	LOCATION
Marg	LOCATION
from	O
Darya	LOCATION
Ganj	LOCATION
to	O
Bahadurshah	LOCATION
Zafar	LOCATION
Marg	LOCATION
and	O
from	O
expert	O
Nanak	LOCATION
Chowk	LOCATION
to	O
Asaf	LOCATION
Ali	LOCATION
Road	O
People	O
are	O
requested	O
to	O
avoid	O
following	O
roads	O
from	O
0600	O
pm	O
to	O
0830	O
on	O
23042015	O
respectively	O
when	O
the	O
spectators	O
would	O
be	O
coming	O
to	O
the	O
stadium	O
and	O
congestion	O
is	O
expected	O
1	O
Rajghat	LOCATION
to	O
JLN	LOCATION
Marg	LOCATION
too	O
JLN	LOCATION
Marg	LOCATION
from	O
RA	O
Kamla	LOCATION
Market	LOCATION
to	O
Raj	LOCATION
Ghat	LOCATION
3	O
Asaf	LOCATION
Ali	LOCATION
Road	O
from	O
Turkman	LOCATION
Gate	O
to	O
Delhi	O
Gate	O
for	O
BSZ	LOCATION
Marg	LOCATION
from	O
Ram	LOCATION
Charan	LOCATION
Agarwal	O
Chowk	O
to	O
Delhi	LOCATION
Gate	O
Display	O
of	O
car	O
parking	O
label	O
on	O
windscreen	O
is	O
mandatory	O
Vehicle	O
number	O
must	O
be	O
written	O
on	O
the	O
parking	O
label	O
Those	O
who	O
do	O
not	O
display	O
parking	O
label	O
with	O
vehicle	O
number	O
will	O
not	O
be	O
allowed	O
in	O
the	O
proximity	O
of	O
the	O
stadium	O
SECURITY	O
INSTRUCTIONS	O
Do	O
not	O
bring	O
electronic	O
items	O
like	O
Laptop	O
CameraVideo	O
Camera	O
Transistor	O
Digital	O
Diary	O
Remote	O
controlled	O
Carkeys	O
etc	O
Do	O
not	O
bring	O
eatables	O
food	O
packets	O
water	O
bottles	O
cigarette	O
lighter	O
match	O
boxes	O
knives	O
arms	O
etc	O
Sandeep	O
Goel	O
Joint	O
Commissioner	O
of	O
Police	O
Traffic	O
Delhi	LOCATION
Garmi	O
Or	O
Traffic	O
any	O
Le	O
Rkhi	O
hello	O
banning	O
diesel	O
cars	O
is	O
not	O
feasible	O
nor	O
good	O
but	O
yes	O
like	O
dubai	O
we	O
should	O
have	O
a	O
strict	O
dept	O
to	O
follow	O
certain	O
rules	O
Military	O
Road	O
Marol	O
Maroshi	O
rd	O
jammed	O
stuck	O
for	O
over	O
an	O
hourall	O
roads	O
dugNo	O
cops	O
here	O
Citizens	O
are	O
helping	O
815	O
pm	O
Utan	O
resort	O
in	O
Uttan	LOCATION
beach	O
And	O
its	O
a	O
wrap	O
Back	O
to	O
Mumbai	LOCATION
traffic	O
Back	O
to	O
reality	O
hahahaha	O
Delhi	O
police	O
following	O
traffic	O
rules	O
so	O
obediently	O
with	O
an	O
invisible	O
helmet	O
and	O
incomplete	O
reg	O
plate	O
The	O
long	O
weekend	O
continues	O
Not	O
much	O
traffic	O
on	O
the	O
roads	O
of	O
Mumbai	LOCATION
Check	O
LIVE	O
traffic	O
updates	O
on	O
Sick	O
of	O
the	O
Bangalore	LOCATION
Traffic	O
Can	O
we	O
get	O
a	O
solution	O
to	O
this	O
congestion	O
and	O
pollution	O
please	O
Bangalore	LOCATION
traffic	O
kills	O
and	O
does	O
not	O
thrillmorningroutine	O
In	O
times	O
to	O
come	O
policing	O
will	O
be	O
come	O
more	O
proactive	O
in	O
India	O
kudos	O
to	O
Gurgaon	LOCATION
police	O
13	O
road	O
reconstruction	O
of	O
Rani	LOCATION
Sati	LOCATION
Marg	LOCATION
Malad	LOCATION
E	O
abandoned	O
Encroached	O
by	O
illegal	O
vendors	O
unauthorized	O
parking	O
now	O
Ytff	O
InstantMessage	O
sorry	O
but	O
didnt	O
your	O
creative	O
minds	O
know	O
the	O
Mumbai	LOCATION
traffic	O
problem	O
Traffic	O
comes	O
to	O
a	O
halt	O
in	O
central	O
Delhi	LOCATION
Central	O
Delhi	O
came	O
to	O
a	O
halt	O
on	O
Thursday	O
morning	O
after	O
BJP	O